Transaction ID,Date,Loc ID,SKU,Quantity,Value ($)
1,01/02/2022,8,A,2,199.98
2,01/02/2022,1,A,1,99.99
3,02/02/2022,9,C,1,39.99
4,02/02/2022,9,C,1,39.99
5,03/02/2022,7,C,1,39.99
6,03/02/2022,7,C,1,39.99
7,03/02/2022,1,C,1,39.99
8,04/02/2022,8,C,1,39.99
9,04/02/2022,7,B,1,79.99
10,04/02/2022,1,C,1,39.99
11,05/02/2022,9,C,1,39.99
12,06/02/2022,9,B,1,79.99
13,06/02/2022,9,B,1,79.99
14,06/02/2022,9,C,1,39.99
15,06/02/2022,8,C,1,39.99
16,06/02/2022,8,C,1,39.99
17,06/02/2022,7,C,1,39.99
18,06/02/2022,7,C,1,39.99
19,06/02/2022,1,C,1,39.99
20,06/02/2022,1,C,1,39.99
21,06/02/2022,1,C,1,39.99
22,07/02/2022,8,C,1,39.99
23,07/02/2022,8,C,1,39.99
24,07/02/2022,7,C,1,39.99
25,08/02/2022,6,C,1,39.99
26,09/02/2022,9,C,1,39.99
27,09/02/2022,1,A,1,99.99
28,09/02/2022,1,B,1,79.99
29,10/02/2022,8,A,1,99.99
30,10/02/2022,8,A,1,99.99
31,10/02/2022,8,A,-1,-99.99
32,10/02/2022,3,A,1,99.99
33,10/02/2022,3,A,1,99.99
34,10/02/2022,2,A,1,99.99
35,11/02/2022,8,B,1,79.99
36,11/02/2022,8,C,1,39.99
37,11/02/2022,6,C,1,39.99
38,11/02/2022,6,C,1,39.99
39,11/02/2022,4,C,1,39.99
40,11/02/2022,2,C,1,39.99
41,11/02/2022,2,C,-1,-39.99
42,11/02/2022,2,C,1,39.99
43,11/02/2022,2,C,-1,-39.99
44,12/02/2022,8,C,1,39.99
45,12/02/2022,8,C,1,39.99
46,12/02/2022,2,A,1,99.99
47,13/02/2022,8,A,1,99.99
48,13/02/2022,7,B,1,79.99
49,14/02/2022,2,C,1,39.99
50,14/02/2022,2,C,1,39.99
51,15/02/2022,9,B,1,79.99
52,15/02/2022,9,C,1,39.99
53,15/02/2022,7,A,1,99.99
54,16/02/2022,5,C,1,39.99
55,16/02/2022,5,C,1,39.99
56,16/02/2022,5,C,1,39.99
57,16/02/2022,2,A,1,99.99
58,16/02/2022,2,A,2,199.98
59,16/02/2022,1,C,1,39.99
60,17/02/2022,4,C,1,39.99
61,17/02/2022,2,C,1,39.99
62,18/02/2022,7,C,1,39.99
63,18/02/2022,2,A,1,99.99
64,18/02/2022,2,A,1,99.99
65,19/02/2022,4,A,1,99.99
66,19/02/2022,3,C,1,39.99
67,20/02/2022,8,A,1,99.99
68,20/02/2022,8,A,1,99.99
69,20/02/2022,7,C,1,39.99
70,20/02/2022,6,B,1,79.99
71,20/02/2022,1,A,1,99.99
72,20/02/2022,1,A,1,99.99
73,20/02/2022,1,A,1,99.99
74,21/02/2022,9,A,1,99.99
75,21/02/2022,3,C,1,39.99
76,21/02/2022,2,A,1,99.99
77,22/02/2022,2,C,1,39.99
78,22/02/2022,2,C,1,39.99
79,23/02/2022,8,C,1,39.99
80,23/02/2022,8,C,1,39.99
81,23/02/2022,8,C,1,39.99
82,23/02/2022,1,A,1,99.99
83,23/02/2022,1,A,1,99.99
84,24/02/2022,9,A,1,99.99
85,24/02/2022,9,C,1,39.99
86,24/02/2022,9,C,-1,-39.99
87,24/02/2022,3,A,1,99.99
88,25/02/2022,8,A,1,99.99
89,25/02/2022,8,A,1,99.99
90,25/02/2022,7,C,1,39.99
91,25/02/2022,2,B,1,79.99
92,25/02/2022,2,C,1,39.99
93,25/02/2022,1,B,1,79.99
94,26/02/2022,7,B,1,79.99
95,26/02/2022,3,A,1,99.99
96,26/02/2022,1,A,1,99.99
97,26/02/2022,1,A,1,99.99
98,27/02/2022,9,C,1,39.99
99,27/02/2022,8,C,1,39.99
100,27/02/2022,8,C,1,39.99
101,27/02/2022,3,C,1,39.99
102,28/02/2022,8,C,1,39.99
103,28/02/2022,8,C,1,39.99
104,28/02/2022,2,C,1,39.99
105,28/02/2022,1,A,1,99.99
106,01/03/2022,7,A,1,99.99
107,01/03/2022,2,C,1,39.99
108,01/03/2022,1,A,1,99.99
109,02/03/2022,2,A,1,99.99
110,02/03/2022,2,C,1,39.99
111,02/03/2022,2,C,1,39.99
112,03/03/2022,9,C,1,39.99
113,03/03/2022,8,A,1,99.99
114,03/03/2022,8,C,1,39.99
115,03/03/2022,2,B,1,79.99
116,03/03/2022,2,B,1,79.99
117,04/03/2022,4,C,1,39.99
118,04/03/2022,2,A,1,99.99
119,04/03/2022,2,A,1,99.99
120,05/03/2022,9,A,1,99.99
121,05/03/2022,8,A,1,99.99
122,05/03/2022,8,C,1,39.99
123,05/03/2022,7,C,1,39.99
124,05/03/2022,7,C,1,39.99
125,05/03/2022,2,A,1,99.99
126,05/03/2022,1,C,1,39.99
127,06/03/2022,8,A,1,99.99
128,06/03/2022,1,C,1,39.99
129,06/03/2022,1,C,1,39.99
130,07/03/2022,9,C,1,39.99
131,07/03/2022,8,A,1,99.99
132,07/03/2022,8,B,1,79.99
133,07/03/2022,8,C,1,39.99
134,07/03/2022,2,C,1,39.99
135,07/03/2022,2,C,1,39.99
136,07/03/2022,2,C,1,39.99
137,07/03/2022,2,C,1,39.99
138,07/03/2022,1,A,1,99.99
139,07/03/2022,1,A,1,99.99
140,08/03/2022,8,B,1,79.99
141,08/03/2022,8,C,2,79.98
142,08/03/2022,7,C,1,39.99
143,08/03/2022,2,B,1,79.99
144,09/03/2022,8,C,1,39.99
145,09/03/2022,7,A,1,99.99
146,10/03/2022,8,A,1,99.99
147,10/03/2022,5,C,1,39.99
148,10/03/2022,5,C,1,39.99
149,10/03/2022,2,C,1,39.99
150,10/03/2022,1,A,1,99.99
151,11/03/2022,7,A,1,99.99
152,11/03/2022,2,C,1,39.99
153,11/03/2022,2,C,1,39.99
154,12/03/2022,8,A,1,99.99
155,12/03/2022,8,C,1,39.99
156,12/03/2022,7,B,1,79.99
157,12/03/2022,1,C,1,39.99
158,12/03/2022,1,C,1,39.99
159,13/03/2022,2,A,1,99.99
160,13/03/2022,1,A,1,99.99
161,13/03/2022,1,A,1,99.99
162,14/03/2022,9,B,-1,-79.99
163,14/03/2022,8,A,1,99.99
164,14/03/2022,5,A,1,99.99
165,14/03/2022,2,A,1,99.99
166,14/03/2022,2,A,1,99.99
167,15/03/2022,2,B,1,79.99
168,16/03/2022,9,A,1,99.99
169,16/03/2022,9,A,1,99.99
170,16/03/2022,9,C,1,39.99
171,16/03/2022,8,A,1,99.99
172,16/03/2022,8,A,1,99.99
173,16/03/2022,7,A,1,99.99
174,16/03/2022,7,C,1,39.99
175,16/03/2022,6,A,1,99.99
176,17/03/2022,7,C,1,39.99
177,17/03/2022,2,B,1,79.99
178,17/03/2022,2,C,1,39.99
179,17/03/2022,1,A,1,99.99
180,18/03/2022,8,C,-1,-39.99
181,18/03/2022,7,A,1,99.99
182,18/03/2022,7,C,1,39.99
183,18/03/2022,3,C,1,39.99
184,18/03/2022,2,A,1,99.99
185,18/03/2022,1,C,1,39.99
186,19/03/2022,9,C,1,39.99
187,19/03/2022,9,C,1,39.99
188,19/03/2022,3,C,1,39.99
189,20/03/2022,3,A,1,99.99
190,20/03/2022,2,C,1,39.99
191,20/03/2022,1,C,1,39.99
192,20/03/2022,1,C,1,39.99
193,21/03/2022,2,A,1,99.99
194,21/03/2022,2,A,1,99.99
195,21/03/2022,2,A,1,99.99
196,21/03/2022,2,C,1,39.99
197,22/03/2022,9,C,1,39.99
198,22/03/2022,1,B,1,79.99
199,23/03/2022,5,A,1,99.99
200,23/03/2022,2,B,1,79.99
201,23/03/2022,2,C,1,39.99
202,24/03/2022,8,A,1,99.99
203,24/03/2022,8,A,1,99.99
204,25/03/2022,6,C,1,39.99
205,25/03/2022,2,B,1,79.99
206,25/03/2022,1,B,1,79.99
207,25/03/2022,1,C,1,39.99
208,25/03/2022,1,C,1,39.99
209,26/03/2022,7,A,1,99.99
210,26/03/2022,3,C,1,39.99
211,27/03/2022,7,C,1,39.99
212,27/03/2022,7,C,2,79.98
213,27/03/2022,7,C,1,39.99
214,28/03/2022,9,C,1,39.99
215,28/03/2022,8,C,1,39.99
216,28/03/2022,8,C,1,39.99
217,28/03/2022,2,C,1,39.99
218,29/03/2022,9,C,-1,-39.99
219,29/03/2022,8,A,-1,-99.99
220,29/03/2022,2,C,1,39.99
221,29/03/2022,2,C,1,39.99
222,29/03/2022,2,C,1,39.99
223,30/03/2022,9,A,1,99.99
224,30/03/2022,8,A,1,99.99
225,30/03/2022,8,B,1,79.99
226,30/03/2022,8,B,1,79.99
227,30/03/2022,8,C,1,39.99
228,30/03/2022,7,A,1,99.99
229,30/03/2022,7,A,1,99.99
230,30/03/2022,7,C,1,39.99
231,30/03/2022,2,A,1,99.99
232,31/03/2022,2,A,1,99.99
233,31/03/2022,2,C,-1,-39.99
234,31/03/2022,1,A,1,99.99
235,01/04/2022,8,C,1,39.99
236,01/04/2022,2,C,1,39.99
237,01/04/2022,1,C,1,39.99
238,02/04/2022,8,A,1,99.99
239,02/04/2022,8,B,3,239.97
240,02/04/2022,3,C,1,39.99
241,03/04/2022,7,A,1,99.99
242,03/04/2022,7,A,1,99.99
243,03/04/2022,7,A,1,99.99
244,03/04/2022,7,A,1,99.99
245,03/04/2022,1,A,1,99.99
246,04/04/2022,9,A,1,99.99
247,04/04/2022,8,A,1,99.99
248,04/04/2022,7,A,1,99.99
249,04/04/2022,1,C,1,39.99
250,04/04/2022,1,C,1,39.99
251,05/04/2022,3,A,1,99.99
252,05/04/2022,2,B,1,79.99
253,05/04/2022,2,C,1,39.99
254,05/04/2022,2,C,1,39.99
255,05/04/2022,2,C,1,39.99
256,06/04/2022,8,C,1,39.99
257,06/04/2022,7,A,1,99.99
258,06/04/2022,7,A,1,99.99
259,07/04/2022,8,A,1,99.99
260,07/04/2022,8,A,1,99.99
261,07/04/2022,8,C,1,39.99
262,07/04/2022,8,C,1,39.99
263,07/04/2022,8,C,1,39.99
264,08/04/2022,9,A,1,99.99
265,08/04/2022,9,A,1,99.99
266,08/04/2022,2,A,1,99.99
267,08/04/2022,2,A,1,99.99
268,08/04/2022,1,A,1,99.99
269,08/04/2022,1,A,1,99.99
270,08/04/2022,1,A,1,99.99
271,09/04/2022,9,C,1,39.99
272,09/04/2022,2,B,1,79.99
273,09/04/2022,2,B,1,79.99
274,09/04/2022,1,C,1,39.99
275,09/04/2022,1,C,1,39.99
276,10/04/2022,9,A,2,199.98
277,10/04/2022,7,B,1,79.99
278,10/04/2022,7,B,1,79.99
279,10/04/2022,2,B,1,79.99
280,11/04/2022,8,A,1,99.99
281,11/04/2022,8,C,1,39.99
282,12/04/2022,9,C,1,39.99
283,13/04/2022,8,A,1,99.99
284,13/04/2022,7,A,1,99.99
285,13/04/2022,7,C,1,39.99
286,13/04/2022,7,C,1,39.99
287,13/04/2022,6,A,1,99.99
288,13/04/2022,6,A,1,99.99
289,13/04/2022,5,A,1,99.99
290,13/04/2022,2,C,1,39.99
291,13/04/2022,2,C,1,39.99
292,14/04/2022,9,B,1,79.99
293,14/04/2022,8,A,1,99.99
294,14/04/2022,8,A,1,99.99
295,14/04/2022,2,C,1,39.99
296,15/04/2022,8,C,1,39.99
297,15/04/2022,7,B,1,79.99
298,15/04/2022,3,C,1,39.99
299,15/04/2022,2,B,1,79.99
300,16/04/2022,7,A,1,99.99
301,17/04/2022,9,A,1,99.99
302,17/04/2022,8,C,1,39.99
303,17/04/2022,7,C,1,39.99
304,17/04/2022,7,C,1,39.99
305,17/04/2022,3,A,1,99.99
306,18/04/2022,8,C,1,39.99
307,18/04/2022,8,C,1,39.99
308,18/04/2022,2,C,1,39.99
309,18/04/2022,2,C,1,39.99
310,19/04/2022,3,A,1,99.99
311,19/04/2022,3,A,1,99.99
312,19/04/2022,3,C,1,39.99
313,19/04/2022,2,A,1,99.99
314,19/04/2022,2,C,1,39.99
315,20/04/2022,9,C,1,39.99
316,20/04/2022,9,C,1,39.99
317,20/04/2022,7,C,1,39.99
318,20/04/2022,7,C,1,39.99
319,20/04/2022,7,C,1,39.99
320,20/04/2022,1,A,1,99.99
321,20/04/2022,1,A,1,99.99
322,20/04/2022,1,A,1,99.99
323,21/04/2022,1,A,1,99.99
324,22/04/2022,9,C,1,39.99
325,22/04/2022,7,A,1,99.99
326,22/04/2022,5,C,1,39.99
327,22/04/2022,3,A,1,99.99
328,22/04/2022,2,A,1,99.99
329,22/04/2022,1,A,1,99.99
330,22/04/2022,1,A,1,99.99
331,23/04/2022,8,C,1,39.99
332,23/04/2022,3,C,1,39.99
333,23/04/2022,1,C,1,39.99
334,23/04/2022,1,C,1,39.99
335,24/04/2022,7,C,1,39.99
336,24/04/2022,2,A,1,99.99
337,24/04/2022,2,C,1,39.99
338,25/04/2022,9,C,1,39.99
339,25/04/2022,8,A,1,99.99
340,25/04/2022,3,A,1,99.99
341,25/04/2022,2,C,1,39.99
342,25/04/2022,2,C,1,39.99
343,25/04/2022,2,C,1,39.99
344,26/04/2022,2,A,1,99.99
345,26/04/2022,2,C,1,39.99
346,27/04/2022,9,A,1,99.99
347,27/04/2022,3,C,1,39.99
348,27/04/2022,2,C,1,39.99
349,28/04/2022,9,C,1,39.99
350,28/04/2022,7,A,1,99.99
351,28/04/2022,7,A,1,99.99
352,28/04/2022,3,A,1,99.99
353,29/04/2022,9,C,1,39.99
354,29/04/2022,9,C,1,39.99
355,29/04/2022,2,B,1,79.99
356,29/04/2022,2,B,1,79.99
357,29/04/2022,2,C,1,39.99
358,30/04/2022,9,A,1,99.99
359,30/04/2022,9,A,1,99.99
360,30/04/2022,8,B,1,79.99
361,30/04/2022,8,B,1,79.99
362,30/04/2022,7,A,1,99.99
363,30/04/2022,7,A,1,99.99
364,30/04/2022,2,B,1,79.99
365,01/05/2022,8,B,1,79.99
366,01/05/2022,8,B,1,79.99
367,01/05/2022,1,B,1,79.99
368,01/05/2022,1,C,1,39.99
369,02/05/2022,7,A,1,99.99
370,02/05/2022,1,C,1,39.99
371,03/05/2022,8,C,1,39.99
372,03/05/2022,7,A,1,99.99
373,03/05/2022,3,C,1,39.99
374,03/05/2022,2,C,1,39.99
375,04/05/2022,8,A,1,99.99
376,04/05/2022,8,C,1,39.99
377,04/05/2022,8,C,-1,-39.99
378,04/05/2022,7,C,1,39.99
379,04/05/2022,6,B,1,79.99
380,04/05/2022,1,A,1,99.99
381,04/05/2022,1,A,1,99.99
382,05/05/2022,9,C,1,39.99
383,05/05/2022,8,A,1,99.99
384,05/05/2022,2,A,1,99.99
385,05/05/2022,2,A,1,99.99
386,05/05/2022,2,C,1,39.99
387,05/05/2022,2,C,1,39.99
388,05/05/2022,2,C,1,39.99
389,06/05/2022,8,A,1,99.99
390,06/05/2022,8,A,1,99.99
391,06/05/2022,8,C,1,39.99
392,06/05/2022,8,C,1,39.99
393,06/05/2022,6,C,1,39.99
394,06/05/2022,2,A,1,99.99
395,06/05/2022,2,A,1,99.99
396,06/05/2022,2,A,1,99.99
397,06/05/2022,2,C,1,39.99
398,07/05/2022,8,A,1,99.99
399,07/05/2022,8,C,1,39.99
400,07/05/2022,3,B,1,79.99
401,07/05/2022,2,B,1,79.99
402,07/05/2022,1,A,1,99.99
403,07/05/2022,1,A,1,99.99
404,08/05/2022,8,A,1,99.99
405,08/05/2022,7,A,1,99.99
406,08/05/2022,7,A,1,99.99
407,08/05/2022,7,C,1,39.99
408,08/05/2022,2,A,1,99.99
409,08/05/2022,2,B,1,79.99
410,08/05/2022,2,B,1,79.99
411,08/05/2022,2,C,1,39.99
412,08/05/2022,2,C,1,39.99
413,08/05/2022,2,C,1,39.99
414,08/05/2022,2,C,1,39.99
415,08/05/2022,2,C,1,39.99
416,08/05/2022,1,A,1,99.99
417,08/05/2022,1,C,1,39.99
418,08/05/2022,1,C,1,39.99
419,09/05/2022,4,A,1,99.99
420,09/05/2022,2,C,1,39.99
421,09/05/2022,2,C,1,39.99
422,09/05/2022,1,A,1,99.99
423,09/05/2022,1,A,1,99.99
424,10/05/2022,7,C,1,39.99
425,10/05/2022,7,C,1,39.99
426,10/05/2022,7,C,1,39.99
427,10/05/2022,3,A,1,99.99
428,10/05/2022,3,A,1,99.99
429,10/05/2022,3,C,1,39.99
430,11/05/2022,8,B,1,79.99
431,11/05/2022,7,C,1,39.99
432,11/05/2022,2,C,1,39.99
433,11/05/2022,2,C,1,39.99
434,11/05/2022,1,A,1,99.99
435,11/05/2022,1,A,1,99.99
436,11/05/2022,1,B,1,79.99
437,12/05/2022,7,C,1,39.99
438,13/05/2022,8,A,1,99.99
439,13/05/2022,8,A,1,99.99
440,13/05/2022,8,A,1,99.99
441,13/05/2022,8,A,1,99.99
442,13/05/2022,8,A,1,99.99
443,13/05/2022,4,C,1,39.99
444,13/05/2022,2,A,1,99.99
445,13/05/2022,2,A,1,99.99
446,13/05/2022,1,C,1,39.99
447,14/05/2022,8,A,1,99.99
448,14/05/2022,7,C,1,39.99
449,14/05/2022,7,C,1,39.99
450,14/05/2022,2,A,1,99.99
451,15/05/2022,7,B,1,79.99
452,15/05/2022,6,A,1,99.99
453,15/05/2022,3,C,1,39.99
454,15/05/2022,2,C,1,39.99
455,15/05/2022,1,A,1,99.99
456,16/05/2022,8,A,1,99.99
457,16/05/2022,8,C,1,39.99
458,16/05/2022,1,A,1,99.99
459,16/05/2022,1,C,1,39.99
460,16/05/2022,1,C,3,119.97
461,17/05/2022,9,A,1,99.99
462,17/05/2022,2,A,1,99.99
463,17/05/2022,2,A,1,99.99
464,17/05/2022,2,C,1,39.99
465,18/05/2022,8,A,1,99.99
466,18/05/2022,8,A,1,99.99
467,18/05/2022,1,C,1,39.99
468,18/05/2022,1,C,1,39.99
469,19/05/2022,9,C,1,39.99
470,19/05/2022,9,C,1,39.99
471,19/05/2022,8,A,1,99.99
472,19/05/2022,8,A,1,99.99
473,19/05/2022,7,A,1,99.99
474,19/05/2022,7,A,-1,-99.99
475,19/05/2022,1,A,1,99.99
476,19/05/2022,1,C,1,39.99
477,20/05/2022,9,B,1,79.99
478,20/05/2022,9,C,1,39.99
479,20/05/2022,8,A,1,99.99
480,20/05/2022,8,C,1,39.99
481,20/05/2022,7,B,1,79.99
482,20/05/2022,7,B,1,79.99
483,20/05/2022,3,A,1,99.99
484,20/05/2022,3,A,1,99.99
485,20/05/2022,1,C,1,39.99
486,21/05/2022,7,A,1,99.99
487,22/05/2022,7,A,1,99.99
488,22/05/2022,6,A,1,99.99
489,22/05/2022,6,C,1,39.99
490,22/05/2022,5,A,1,99.99
491,22/05/2022,3,C,2,79.98
492,22/05/2022,2,A,1,99.99
493,22/05/2022,2,A,1,99.99
494,23/05/2022,9,A,1,99.99
495,23/05/2022,8,A,1,99.99
496,23/05/2022,3,C,1,39.99
497,23/05/2022,2,A,1,99.99
498,24/05/2022,9,C,1,39.99
499,24/05/2022,9,C,1,39.99
500,24/05/2022,6,A,1,99.99
501,24/05/2022,2,B,1,79.99
502,24/05/2022,1,A,1,99.99
503,24/05/2022,1,A,1,99.99
504,25/05/2022,9,A,1,99.99
505,25/05/2022,8,A,1,99.99
506,25/05/2022,8,A,1,99.99
507,25/05/2022,2,A,1,99.99
508,25/05/2022,1,A,1,99.99
509,26/05/2022,2,A,1,99.99
510,26/05/2022,2,A,1,99.99
511,26/05/2022,2,C,1,39.99
512,26/05/2022,1,A,1,99.99
513,27/05/2022,8,A,1,99.99
514,27/05/2022,7,C,1,39.99
515,27/05/2022,3,C,1,39.99
516,27/05/2022,1,C,1,39.99
517,28/05/2022,8,A,1,99.99
518,28/05/2022,8,C,1,39.99
519,28/05/2022,7,A,1,99.99
520,28/05/2022,6,A,1,99.99
521,28/05/2022,6,C,1,39.99
522,28/05/2022,1,C,1,39.99
523,29/05/2022,7,B,1,79.99
524,29/05/2022,7,C,1,39.99
525,29/05/2022,2,A,1,99.99
526,29/05/2022,2,C,1,39.99
527,30/05/2022,8,A,1,99.99
528,30/05/2022,7,A,1,99.99
529,30/05/2022,7,C,1,39.99
530,30/05/2022,7,C,1,39.99
531,30/05/2022,7,C,1,39.99
532,30/05/2022,7,C,1,39.99
533,30/05/2022,1,A,1,99.99
534,31/05/2022,8,C,1,39.99
535,31/05/2022,8,C,1,39.99
536,31/05/2022,5,C,1,39.99
537,01/06/2022,8,A,1,99.99
538,01/06/2022,7,A,1,99.99
539,01/06/2022,2,A,1,99.99
540,01/06/2022,2,A,1,99.99
541,01/06/2022,2,A,1,99.99
542,01/06/2022,2,C,1,39.99
543,01/06/2022,1,C,1,39.99
544,02/06/2022,8,B,1,79.99
545,02/06/2022,8,C,2,79.98
546,03/06/2022,9,C,1,39.99
547,03/06/2022,8,C,1,39.99
548,03/06/2022,8,C,1,39.99
549,03/06/2022,7,A,1,99.99
550,03/06/2022,1,C,1,39.99
551,04/06/2022,1,C,1,39.99
552,05/06/2022,9,A,1,99.99
553,05/06/2022,8,C,1,39.99
554,05/06/2022,8,C,1,39.99
555,05/06/2022,8,C,1,39.99
556,05/06/2022,2,A,1,99.99
557,05/06/2022,2,C,1,39.99
558,06/06/2022,6,A,1,99.99
559,07/06/2022,8,B,1,79.99
560,07/06/2022,8,B,1,79.99
561,07/06/2022,8,C,1,39.99
562,07/06/2022,3,C,1,39.99
563,08/06/2022,7,A,1,99.99
564,08/06/2022,7,C,1,39.99
565,08/06/2022,2,C,1,39.99
566,08/06/2022,2,C,1,39.99
567,09/06/2022,8,A,1,99.99
568,09/06/2022,8,C,1,39.99
569,09/06/2022,8,C,1,39.99
570,09/06/2022,2,A,1,99.99
571,09/06/2022,2,A,1,99.99
572,10/06/2022,8,A,1,99.99
573,10/06/2022,8,A,1,99.99
574,10/06/2022,8,A,1,99.99
575,10/06/2022,7,C,1,39.99
576,10/06/2022,2,A,1,99.99
577,10/06/2022,2,C,1,39.99
578,11/06/2022,8,A,1,99.99
579,11/06/2022,2,C,1,39.99
580,11/06/2022,1,A,1,99.99
581,11/06/2022,1,C,1,39.99
582,11/06/2022,1,C,1,39.99
583,12/06/2022,9,C,1,39.99
584,12/06/2022,8,A,1,99.99
585,12/06/2022,8,A,1,99.99
586,12/06/2022,8,A,1,99.99
587,12/06/2022,2,A,1,99.99
588,12/06/2022,2,A,1,99.99
589,12/06/2022,2,C,1,39.99
590,13/06/2022,9,B,1,79.99
591,13/06/2022,9,B,1,79.99
592,14/06/2022,9,A,1,99.99
593,14/06/2022,9,A,1,99.99
594,14/06/2022,9,C,1,39.99
595,14/06/2022,8,C,1,39.99
596,14/06/2022,3,A,1,99.99
597,14/06/2022,2,C,1,39.99
598,14/06/2022,2,C,1,39.99
599,14/06/2022,1,C,1,39.99
600,14/06/2022,1,C,1,39.99
601,15/06/2022,7,A,1,99.99
602,15/06/2022,1,A,1,99.99
603,17/06/2022,7,A,1,99.99
604,17/06/2022,7,A,1,99.99
605,17/06/2022,7,B,1,79.99
606,17/06/2022,2,C,1,39.99
607,17/06/2022,2,C,1,39.99
608,17/06/2022,1,C,1,39.99
609,17/06/2022,1,C,1,39.99
610,18/06/2022,8,A,1,99.99
611,18/06/2022,8,C,1,39.99
612,18/06/2022,1,A,1,99.99
613,18/06/2022,1,A,1,99.99
614,18/06/2022,1,A,1,99.99
615,19/06/2022,9,B,1,79.99
616,19/06/2022,8,A,-1,-99.99
617,19/06/2022,8,A,1,99.99
618,19/06/2022,8,A,1,99.99
619,19/06/2022,7,A,1,99.99
620,19/06/2022,2,B,1,79.99
621,19/06/2022,1,A,1,99.99
622,20/06/2022,8,A,1,99.99
623,20/06/2022,1,A,1,99.99
624,20/06/2022,1,B,1,79.99
625,21/06/2022,9,C,1,39.99
626,21/06/2022,9,C,1,39.99
627,21/06/2022,8,B,1,79.99
628,21/06/2022,8,B,1,79.99
629,21/06/2022,8,C,1,39.99
630,21/06/2022,8,C,1,39.99
631,21/06/2022,3,B,1,79.99
632,21/06/2022,2,A,1,99.99
633,21/06/2022,2,A,1,99.99
634,21/06/2022,1,B,1,79.99
635,22/06/2022,8,C,1,39.99
636,22/06/2022,3,C,1,39.99
637,22/06/2022,3,C,1,39.99
638,22/06/2022,1,B,1,79.99
639,23/06/2022,9,A,1,99.99
640,23/06/2022,8,B,2,159.98
641,23/06/2022,3,C,1,39.99
642,23/06/2022,2,C,1,39.99
643,23/06/2022,1,A,1,99.99
644,24/06/2022,8,A,1,99.99
645,24/06/2022,2,A,1,99.99
646,25/06/2022,2,A,1,99.99
647,25/06/2022,2,A,1,99.99
648,26/06/2022,2,A,1,99.99
649,27/06/2022,1,C,1,39.99
650,28/06/2022,9,A,1,99.99
651,28/06/2022,4,B,1,79.99
652,28/06/2022,4,B,1,79.99
653,28/06/2022,2,A,1,99.99
654,28/06/2022,2,A,1,99.99
655,28/06/2022,2,C,1,39.99
656,28/06/2022,2,C,1,39.99
657,29/06/2022,8,C,1,39.99
658,29/06/2022,7,A,1,99.99
659,29/06/2022,7,A,1,99.99
660,29/06/2022,6,A,1,99.99
661,29/06/2022,1,C,1,39.99
662,30/06/2022,2,B,1,79.99
663,30/06/2022,2,B,1,79.99
664,30/06/2022,2,B,1,79.99
665,30/06/2022,1,A,1,99.99
666,01/07/2022,8,A,1,99.99
667,01/07/2022,7,B,1,79.99
668,01/07/2022,6,B,1,79.99
669,01/07/2022,1,A,1,99.99
670,02/07/2022,1,A,1,99.99
671,03/07/2022,8,C,1,39.99
672,03/07/2022,6,C,1,39.99
673,03/07/2022,3,C,1,39.99
674,03/07/2022,3,C,1,39.99
675,04/07/2022,8,C,1,39.99
676,04/07/2022,1,A,1,99.99
677,05/07/2022,7,A,1,99.99
678,05/07/2022,2,A,1,99.99
679,05/07/2022,2,A,1,99.99
680,05/07/2022,1,A,1,99.99
681,05/07/2022,1,A,1,99.99
682,05/07/2022,1,A,1,99.99
683,05/07/2022,1,A,1,99.99
684,06/07/2022,8,A,1,99.99
685,06/07/2022,2,B,1,79.99
686,06/07/2022,1,C,1,39.99
687,07/07/2022,7,A,1,99.99
688,07/07/2022,3,A,1,99.99
689,07/07/2022,1,A,1,99.99
690,07/07/2022,1,A,1,99.99
691,08/07/2022,8,C,1,39.99
692,08/07/2022,2,C,1,39.99
693,08/07/2022,2,C,1,39.99
694,08/07/2022,1,C,1,39.99
695,09/07/2022,7,C,1,39.99
696,09/07/2022,2,C,1,39.99
697,10/07/2022,9,A,1,99.99
698,10/07/2022,8,A,1,99.99
699,10/07/2022,5,C,1,39.99
700,10/07/2022,1,A,1,99.99
701,10/07/2022,1,A,1,99.99
702,11/07/2022,8,A,1,99.99
703,11/07/2022,8,B,1,79.99
704,11/07/2022,8,B,1,79.99
705,11/07/2022,7,C,1,39.99
706,11/07/2022,7,C,1,39.99
707,11/07/2022,5,B,1,79.99
708,12/07/2022,8,A,1,99.99
709,12/07/2022,7,C,1,39.99
710,12/07/2022,1,C,1,39.99
711,13/07/2022,9,A,1,99.99
712,13/07/2022,9,A,1,99.99
713,13/07/2022,8,A,1,99.99
714,13/07/2022,2,C,1,39.99
715,13/07/2022,1,C,1,39.99
716,13/07/2022,1,C,1,39.99
717,14/07/2022,7,C,1,39.99
718,14/07/2022,7,C,1,39.99
719,14/07/2022,6,C,1,39.99
720,14/07/2022,2,C,1,39.99
721,15/07/2022,8,C,1,39.99
722,15/07/2022,8,C,1,39.99
723,15/07/2022,5,B,1,79.99
724,15/07/2022,1,A,1,99.99
725,15/07/2022,1,C,1,39.99
726,16/07/2022,9,C,1,39.99
727,16/07/2022,8,A,1,99.99
728,16/07/2022,8,C,1,39.99
729,16/07/2022,8,C,1,39.99
730,16/07/2022,7,C,1,39.99
731,16/07/2022,7,C,1,39.99
732,16/07/2022,7,C,1,39.99
733,16/07/2022,1,C,1,39.99
734,16/07/2022,1,C,1,39.99
735,17/07/2022,9,A,1,99.99
736,17/07/2022,8,A,1,99.99
737,17/07/2022,8,A,1,99.99
738,17/07/2022,8,A,1,99.99
739,17/07/2022,7,C,1,39.99
740,17/07/2022,7,C,1,39.99
741,17/07/2022,3,A,1,99.99
742,17/07/2022,1,A,1,99.99
743,17/07/2022,1,A,1,99.99
744,18/07/2022,8,A,1,99.99
745,18/07/2022,7,A,1,99.99
746,18/07/2022,7,A,1,99.99
747,18/07/2022,7,A,1,99.99
748,18/07/2022,7,A,1,99.99
749,18/07/2022,7,A,2,199.98
750,18/07/2022,1,C,1,39.99
751,18/07/2022,1,C,1,39.99
752,20/07/2022,9,B,1,79.99
753,20/07/2022,9,C,1,39.99
754,20/07/2022,7,A,1,99.99
755,20/07/2022,7,C,1,39.99
756,20/07/2022,2,C,1,39.99
757,20/07/2022,1,A,1,99.99
758,21/07/2022,8,A,1,99.99
759,21/07/2022,8,A,1,99.99
760,21/07/2022,3,C,1,39.99
761,21/07/2022,2,A,1,99.99
762,21/07/2022,2,A,1,99.99
763,22/07/2022,1,B,1,79.99
764,22/07/2022,1,B,1,79.99
765,23/07/2022,6,C,1,39.99
766,23/07/2022,2,C,1,39.99
767,23/07/2022,2,C,1,39.99
768,23/07/2022,2,C,1,39.99
769,24/07/2022,8,A,1,99.99
770,24/07/2022,8,B,1,79.99
771,24/07/2022,7,C,1,39.99
772,24/07/2022,7,C,1,39.99
773,24/07/2022,2,A,1,99.99
774,24/07/2022,2,B,1,79.99
775,24/07/2022,2,C,1,39.99
776,24/07/2022,2,C,1,39.99
777,24/07/2022,2,C,1,39.99
778,24/07/2022,2,C,1,39.99
779,24/07/2022,2,C,1,39.99
780,24/07/2022,1,A,1,99.99
781,24/07/2022,1,A,1,99.99
782,25/07/2022,8,C,1,39.99
783,25/07/2022,7,C,1,39.99
784,25/07/2022,6,C,1,39.99
785,26/07/2022,9,A,1,99.99
786,26/07/2022,9,A,1,99.99
787,26/07/2022,9,C,1,39.99
788,26/07/2022,9,C,1,39.99
789,26/07/2022,7,C,1,39.99
790,26/07/2022,7,C,1,39.99
791,26/07/2022,2,A,1,99.99
792,26/07/2022,1,C,1,39.99
793,28/07/2022,7,C,1,39.99
794,28/07/2022,7,C,1,39.99
795,28/07/2022,1,B,1,79.99
796,28/07/2022,1,C,1,39.99
797,29/07/2022,8,A,1,99.99
798,29/07/2022,8,A,1,99.99
799,29/07/2022,7,A,1,99.99
800,29/07/2022,6,C,1,39.99
801,29/07/2022,6,C,1,39.99
802,30/07/2022,8,C,1,39.99
803,30/07/2022,2,A,1,99.99
804,30/07/2022,2,C,1,39.99
805,30/07/2022,1,A,1,99.99
806,30/07/2022,1,A,1,99.99
807,30/07/2022,1,B,1,79.99
808,30/07/2022,1,C,1,39.99
809,31/07/2022,9,C,1,39.99
810,31/07/2022,9,C,1,39.99
811,31/07/2022,2,A,1,99.99
812,31/07/2022,1,C,1,39.99
813,31/07/2022,1,C,1,39.99
814,01/08/2022,8,B,1,79.99
815,01/08/2022,8,B,1,79.99
816,01/08/2022,8,C,1,39.99
817,01/08/2022,3,A,1,99.99
818,02/08/2022,8,C,1,39.99
819,02/08/2022,8,C,1,39.99
820,02/08/2022,8,C,1,39.99
821,02/08/2022,8,C,1,39.99
822,02/08/2022,7,A,1,99.99
823,02/08/2022,7,A,1,99.99
824,02/08/2022,7,B,1,79.99
825,02/08/2022,7,C,1,39.99
826,03/08/2022,9,C,2,79.98
827,03/08/2022,9,C,1,39.99
828,03/08/2022,8,A,2,199.98
829,03/08/2022,7,A,1,99.99
830,03/08/2022,7,C,1,39.99
831,03/08/2022,7,C,1,39.99
832,03/08/2022,2,C,1,39.99
833,04/08/2022,9,C,1,39.99
834,04/08/2022,2,A,1,99.99
835,04/08/2022,2,A,1,99.99
836,04/08/2022,2,A,1,99.99
837,04/08/2022,2,B,1,79.99
838,04/08/2022,2,B,1,79.99
839,04/08/2022,1,A,1,99.99
840,05/08/2022,7,C,2,79.98
841,05/08/2022,2,B,1,79.99
842,05/08/2022,2,B,1,79.99
843,06/08/2022,8,A,1,99.99
844,06/08/2022,8,C,1,39.99
845,06/08/2022,8,C,1,39.99
846,06/08/2022,1,A,1,99.99
847,07/08/2022,8,A,1,99.99
848,07/08/2022,8,A,1,99.99
849,07/08/2022,8,A,1,99.99
850,07/08/2022,8,A,1,99.99
851,07/08/2022,8,C,1,39.99
852,07/08/2022,8,C,1,39.99
853,07/08/2022,7,A,1,99.99
854,07/08/2022,7,A,1,99.99
855,07/08/2022,7,A,1,99.99
856,07/08/2022,7,B,1,79.99
857,07/08/2022,7,C,1,39.99
858,07/08/2022,7,C,1,39.99
859,07/08/2022,7,C,1,39.99
860,07/08/2022,3,A,1,99.99
861,07/08/2022,1,C,1,39.99
862,07/08/2022,1,C,1,39.99
863,08/08/2022,3,A,1,99.99
864,08/08/2022,1,C,1,39.99
865,08/08/2022,1,C,1,39.99
866,09/08/2022,8,C,1,39.99
867,09/08/2022,2,C,1,39.99
868,10/08/2022,9,A,1,99.99
869,10/08/2022,8,B,1,79.99
870,10/08/2022,8,C,1,39.99
871,10/08/2022,8,C,1,39.99
872,10/08/2022,8,C,1,39.99
873,10/08/2022,8,C,1,39.99
874,10/08/2022,8,C,1,39.99
875,10/08/2022,2,A,1,99.99
876,10/08/2022,2,A,1,99.99
877,10/08/2022,2,A,1,99.99
878,10/08/2022,2,B,1,79.99
879,11/08/2022,7,B,1,79.99
880,11/08/2022,6,A,1,99.99
881,11/08/2022,2,C,1,39.99
882,11/08/2022,2,C,1,39.99
883,12/08/2022,9,C,1,39.99
884,12/08/2022,9,C,1,39.99
885,12/08/2022,9,C,1,39.99
886,12/08/2022,2,B,1,79.99
887,12/08/2022,1,B,1,79.99
888,13/08/2022,8,A,1,99.99
889,13/08/2022,8,A,1,99.99
890,13/08/2022,8,A,1,99.99
891,13/08/2022,2,A,1,99.99
892,13/08/2022,2,A,1,99.99
893,13/08/2022,2,B,1,79.99
894,13/08/2022,1,A,1,99.99
895,13/08/2022,1,A,1,99.99
896,14/08/2022,8,C,1,39.99
897,14/08/2022,8,C,1,39.99
898,14/08/2022,8,C,1,39.99
899,15/08/2022,8,B,1,79.99
900,15/08/2022,8,B,1,79.99
901,15/08/2022,8,B,1,79.99
902,15/08/2022,8,B,1,79.99
903,15/08/2022,2,A,1,99.99
904,16/08/2022,9,C,1,39.99
905,16/08/2022,2,A,1,99.99
906,16/08/2022,2,C,1,39.99
907,16/08/2022,2,C,1,39.99
908,17/08/2022,8,C,1,39.99
909,17/08/2022,7,A,1,99.99
910,17/08/2022,2,C,1,39.99
911,18/08/2022,8,C,1,39.99
912,18/08/2022,7,C,1,39.99
913,18/08/2022,2,C,1,39.99
914,18/08/2022,1,C,1,39.99
915,19/08/2022,8,C,1,39.99
916,19/08/2022,7,C,1,39.99
917,19/08/2022,2,A,1,99.99
918,19/08/2022,2,B,1,79.99
919,19/08/2022,2,C,1,39.99
920,19/08/2022,1,A,1,99.99
921,19/08/2022,1,A,-1,-99.99
922,20/08/2022,7,A,1,99.99
923,20/08/2022,7,A,1,99.99
924,20/08/2022,7,C,1,39.99
925,20/08/2022,7,C,-1,-39.99
926,20/08/2022,7,C,1,39.99
927,20/08/2022,7,C,1,39.99
928,20/08/2022,2,A,1,99.99
929,21/08/2022,9,C,1,39.99
930,21/08/2022,4,A,1,99.99
931,21/08/2022,2,A,1,99.99
932,21/08/2022,2,C,1,39.99
933,22/08/2022,8,A,1,99.99
934,22/08/2022,8,A,1,99.99
935,22/08/2022,8,A,1,99.99
936,22/08/2022,8,A,1,99.99
937,22/08/2022,7,A,1,99.99
938,22/08/2022,7,A,1,99.99
939,22/08/2022,7,C,1,39.99
940,22/08/2022,7,C,1,39.99
941,22/08/2022,5,A,1,99.99
942,22/08/2022,2,A,1,99.99
943,22/08/2022,2,A,1,99.99
944,22/08/2022,2,C,1,39.99
945,22/08/2022,1,A,1,99.99
946,22/08/2022,1,A,1,99.99
947,22/08/2022,1,A,1,99.99
948,24/08/2022,2,C,1,39.99
949,25/08/2022,8,A,1,99.99
950,25/08/2022,8,A,1,99.99
951,25/08/2022,8,C,1,39.99
952,25/08/2022,2,C,1,39.99
953,25/08/2022,1,C,1,39.99
954,25/08/2022,1,C,1,39.99
955,26/08/2022,9,A,1,99.99
956,26/08/2022,8,C,1,39.99
957,26/08/2022,7,A,1,99.99
958,26/08/2022,7,A,1,99.99
959,26/08/2022,2,A,1,99.99
960,26/08/2022,2,A,1,99.99
961,26/08/2022,2,C,1,39.99
962,26/08/2022,2,C,1,39.99
963,26/08/2022,1,A,1,99.99
964,27/08/2022,9,A,1,99.99
965,27/08/2022,7,C,1,39.99
966,27/08/2022,7,C,1,39.99
967,27/08/2022,3,C,1,39.99
968,27/08/2022,2,C,1,39.99
969,28/08/2022,2,C,1,39.99
970,29/08/2022,8,A,1,99.99
971,29/08/2022,8,B,1,79.99
972,29/08/2022,8,B,1,79.99
973,29/08/2022,8,C,1,39.99
974,29/08/2022,2,A,1,99.99
975,29/08/2022,2,A,1,99.99
976,29/08/2022,1,C,1,39.99
977,30/08/2022,5,C,1,39.99
978,30/08/2022,2,A,1,99.99
979,30/08/2022,2,A,1,99.99
980,30/08/2022,1,B,-1,-79.99
981,30/08/2022,1,C,1,39.99
982,31/08/2022,8,C,1,39.99
983,31/08/2022,2,C,1,39.99
984,01/09/2022,8,A,1,99.99
985,01/09/2022,7,C,1,39.99
986,02/09/2022,2,C,1,39.99
987,03/09/2022,9,A,1,99.99
988,03/09/2022,8,A,1,99.99
989,03/09/2022,7,C,1,39.99
990,03/09/2022,7,C,1,39.99
991,03/09/2022,7,C,1,39.99
992,04/09/2022,8,C,1,39.99
993,04/09/2022,7,C,1,39.99
994,04/09/2022,6,B,1,79.99
995,04/09/2022,2,A,1,99.99
996,04/09/2022,2,A,1,99.99
997,04/09/2022,2,A,1,99.99
998,04/09/2022,1,A,1,99.99
999,04/09/2022,1,A,1,99.99
1000,04/09/2022,1,B,1,79.99
1001,04/09/2022,1,B,1,79.99
1002,05/09/2022,8,A,1,99.99
1003,05/09/2022,8,A,1,99.99
1004,05/09/2022,8,A,1,99.99
1005,05/09/2022,8,A,1,99.99
1006,05/09/2022,8,B,1,79.99
1007,05/09/2022,2,C,1,39.99
1008,05/09/2022,1,C,1,39.99
1009,05/09/2022,1,C,1,39.99
1010,06/09/2022,9,A,1,99.99
1011,07/09/2022,9,A,1,99.99
1012,07/09/2022,9,A,1,99.99
1013,07/09/2022,6,A,1,99.99
1014,07/09/2022,6,A,1,99.99
1015,08/09/2022,8,C,1,39.99
1016,08/09/2022,8,C,1,39.99
1017,08/09/2022,7,C,1,39.99
1018,08/09/2022,7,C,1,39.99
1019,08/09/2022,1,A,1,99.99
1020,09/09/2022,1,A,1,99.99
1021,09/09/2022,1,B,1,79.99
1022,09/09/2022,1,B,1,79.99
1023,09/09/2022,1,C,1,39.99
1024,09/09/2022,1,C,1,39.99
1025,10/09/2022,3,C,1,39.99
1026,10/09/2022,2,B,-1,-79.99
1027,10/09/2022,1,C,1,39.99
1028,11/09/2022,9,B,1,79.99
1029,11/09/2022,8,A,1,99.99
1030,11/09/2022,7,A,1,99.99
1031,11/09/2022,7,A,1,99.99
1032,11/09/2022,7,A,1,99.99
1033,11/09/2022,7,A,1,99.99
1034,11/09/2022,6,C,1,39.99
1035,11/09/2022,4,A,1,99.99
1036,11/09/2022,2,A,1,99.99
1037,12/09/2022,9,C,1,39.99
1038,12/09/2022,9,C,1,39.99
1039,12/09/2022,7,A,1,99.99
1040,12/09/2022,2,B,1,79.99
1041,12/09/2022,2,B,1,79.99
1042,13/09/2022,8,A,1,99.99
1043,13/09/2022,8,A,1,99.99
1044,13/09/2022,3,A,1,99.99
1045,13/09/2022,3,A,1,99.99
1046,13/09/2022,2,C,1,39.99
1047,13/09/2022,1,A,1,99.99
1048,13/09/2022,1,A,1,99.99
1049,14/09/2022,1,C,1,39.99
1050,15/09/2022,8,B,1,79.99
1051,15/09/2022,8,B,1,79.99
1052,15/09/2022,3,C,1,39.99
1053,15/09/2022,2,A,1,99.99
1054,15/09/2022,2,A,1,99.99
1055,15/09/2022,2,C,1,39.99
1056,15/09/2022,2,C,1,39.99
1057,16/09/2022,7,A,1,99.99
1058,16/09/2022,7,A,1,99.99
1059,16/09/2022,7,A,1,99.99
1060,16/09/2022,2,B,1,79.99
1061,16/09/2022,2,C,1,39.99
1062,17/09/2022,9,C,1,39.99
1063,17/09/2022,9,C,1,39.99
1064,17/09/2022,8,A,1,99.99
1065,17/09/2022,8,C,1,39.99
1066,17/09/2022,8,C,1,39.99
1067,17/09/2022,8,C,1,39.99
1068,17/09/2022,3,A,1,99.99
1069,17/09/2022,2,A,1,99.99
1070,18/09/2022,9,A,1,99.99
1071,18/09/2022,9,A,1,99.99
1072,18/09/2022,6,C,1,39.99
1073,18/09/2022,6,C,1,39.99
1074,18/09/2022,3,A,1,99.99
1075,18/09/2022,3,A,1,99.99
1076,18/09/2022,1,A,1,99.99
1077,18/09/2022,1,A,1,99.99
1078,19/09/2022,8,A,1,99.99
1079,19/09/2022,2,B,1,79.99
1080,19/09/2022,1,A,1,99.99
1081,19/09/2022,1,A,1,99.99
1082,20/09/2022,7,C,1,39.99
1083,20/09/2022,6,A,1,99.99
1084,21/09/2022,9,C,1,39.99
1085,21/09/2022,1,A,1,99.99
1086,21/09/2022,1,A,1,99.99
1087,21/09/2022,1,A,1,99.99
1088,22/09/2022,9,A,1,99.99
1089,22/09/2022,9,A,1,99.99
1090,22/09/2022,8,B,1,79.99
1091,22/09/2022,2,C,1,39.99
1092,22/09/2022,2,C,1,39.99
1093,22/09/2022,1,C,1,39.99
1094,22/09/2022,1,C,1,39.99
1095,22/09/2022,1,C,1,39.99
1096,23/09/2022,9,C,1,39.99
1097,23/09/2022,8,A,1,99.99
1098,23/09/2022,8,A,1,99.99
1099,23/09/2022,2,B,-1,-79.99
1100,23/09/2022,2,C,1,39.99
1101,23/09/2022,2,C,1,39.99
1102,23/09/2022,2,C,2,79.98
1103,23/09/2022,2,C,1,39.99
1104,23/09/2022,1,A,1,99.99
1105,23/09/2022,1,A,1,99.99
1106,23/09/2022,1,A,1,99.99
1107,23/09/2022,1,A,1,99.99
1108,24/09/2022,8,A,1,99.99
1109,24/09/2022,2,A,1,99.99
1110,24/09/2022,2,C,1,39.99
1111,24/09/2022,2,C,1,39.99
1112,25/09/2022,7,C,1,39.99
1113,25/09/2022,1,A,1,99.99
1114,26/09/2022,8,A,1,99.99
1115,26/09/2022,7,A,1,99.99
1116,26/09/2022,7,A,1,99.99
1117,26/09/2022,6,A,1,99.99
1118,26/09/2022,3,C,1,39.99
1119,26/09/2022,2,C,1,39.99
1120,27/09/2022,7,A,1,99.99
1121,27/09/2022,2,C,1,39.99
1122,27/09/2022,2,C,1,39.99
1123,27/09/2022,2,C,1,39.99
1124,27/09/2022,2,C,1,39.99
1125,28/09/2022,3,C,1,39.99
1126,28/09/2022,2,A,1,99.99
1127,28/09/2022,2,A,2,199.98
1128,28/09/2022,2,C,1,39.99
1129,28/09/2022,2,C,1,39.99
1130,29/09/2022,4,B,1,79.99
1131,29/09/2022,2,B,1,79.99
1132,29/09/2022,1,A,1,99.99
1133,29/09/2022,1,C,1,39.99
1134,30/09/2022,8,A,1,99.99
1135,30/09/2022,3,A,1,99.99
1136,01/10/2022,8,C,1,39.99
1137,01/10/2022,8,C,1,39.99
1138,01/10/2022,7,A,1,99.99
1139,01/10/2022,1,A,1,99.99
1140,01/10/2022,1,A,1,99.99
1141,01/10/2022,1,A,1,99.99
1142,02/10/2022,9,A,1,99.99
1143,02/10/2022,9,A,1,99.99
1144,02/10/2022,9,B,1,79.99
1145,02/10/2022,8,A,1,99.99
1146,02/10/2022,8,A,1,99.99
1147,02/10/2022,8,A,1,99.99
1148,02/10/2022,8,A,1,99.99
1149,02/10/2022,8,C,1,39.99
1150,02/10/2022,3,B,1,79.99
1151,02/10/2022,2,B,1,79.99
1152,02/10/2022,2,B,1,79.99
1153,02/10/2022,1,A,1,99.99
1154,02/10/2022,1,A,1,99.99
1155,02/10/2022,1,B,1,79.99
1156,02/10/2022,1,C,1,39.99
1157,02/10/2022,1,C,1,39.99
1158,03/10/2022,8,A,1,99.99
1159,03/10/2022,8,C,1,39.99
1160,03/10/2022,7,B,1,79.99
1161,03/10/2022,6,A,1,99.99
1162,03/10/2022,2,C,1,39.99
1163,04/10/2022,9,B,1,79.99
1164,04/10/2022,9,B,1,79.99
1165,04/10/2022,7,A,1,99.99
1166,04/10/2022,3,A,1,99.99
1167,04/10/2022,2,A,1,99.99
1168,04/10/2022,2,A,1,99.99
1169,04/10/2022,2,A,1,99.99
1170,04/10/2022,2,A,1,99.99
1171,04/10/2022,1,A,1,99.99
1172,04/10/2022,1,A,1,99.99
1173,04/10/2022,1,C,1,39.99
1174,05/10/2022,9,A,1,99.99
1175,05/10/2022,8,A,1,99.99
1176,05/10/2022,8,B,1,79.99
1177,05/10/2022,7,C,1,39.99
1178,05/10/2022,7,C,1,39.99
1179,05/10/2022,6,C,1,39.99
1180,05/10/2022,2,A,1,99.99
1181,05/10/2022,2,A,1,99.99
1182,05/10/2022,2,C,1,39.99
1183,06/10/2022,8,A,1,99.99
1184,06/10/2022,8,A,1,99.99
1185,06/10/2022,7,C,1,39.99
1186,06/10/2022,5,A,1,99.99
1187,06/10/2022,2,A,1,99.99
1188,06/10/2022,2,C,1,39.99
1189,06/10/2022,2,C,1,39.99
1190,06/10/2022,2,C,1,39.99
1191,06/10/2022,1,A,1,99.99
1192,06/10/2022,1,C,1,39.99
1193,06/10/2022,1,C,1,39.99
1194,06/10/2022,1,C,1,39.99
1195,07/10/2022,8,A,1,99.99
1196,07/10/2022,8,A,1,99.99
1197,07/10/2022,8,A,1,99.99
1198,07/10/2022,8,A,1,99.99
1199,07/10/2022,8,A,1,99.99
1200,07/10/2022,7,A,1,99.99
1201,07/10/2022,7,A,1,99.99
1202,07/10/2022,7,A,1,99.99
1203,07/10/2022,7,A,1,99.99
1204,07/10/2022,7,A,1,99.99
1205,07/10/2022,7,C,2,79.98
1206,07/10/2022,7,C,1,39.99
1207,07/10/2022,7,C,1,39.99
1208,08/10/2022,8,B,1,79.99
1209,08/10/2022,7,A,1,99.99
1210,08/10/2022,2,A,1,99.99
1211,08/10/2022,2,A,1,99.99
1212,08/10/2022,2,C,1,39.99
1213,08/10/2022,1,A,1,99.99
1214,08/10/2022,1,A,1,99.99
1215,09/10/2022,9,A,1,99.99
1216,09/10/2022,8,A,1,99.99
1217,09/10/2022,7,A,1,99.99
1218,09/10/2022,7,A,1,99.99
1219,09/10/2022,7,A,1,99.99
1220,09/10/2022,6,C,1,39.99
1221,09/10/2022,5,A,1,99.99
1222,09/10/2022,5,A,1,99.99
1223,09/10/2022,5,A,1,99.99
1224,09/10/2022,5,A,1,99.99
1225,09/10/2022,4,A,1,99.99
1226,09/10/2022,2,A,1,99.99
1227,09/10/2022,2,C,1,39.99
1228,09/10/2022,1,C,1,39.99
1229,10/10/2022,7,B,1,79.99
1230,10/10/2022,2,A,1,99.99
1231,10/10/2022,2,A,1,99.99
1232,10/10/2022,1,A,1,99.99
1233,11/10/2022,7,A,1,99.99
1234,11/10/2022,7,A,1,99.99
1235,11/10/2022,4,C,1,39.99
1236,11/10/2022,3,C,1,39.99
1237,11/10/2022,2,C,1,39.99
1238,11/10/2022,2,C,1,39.99
1239,11/10/2022,1,A,1,99.99
1240,11/10/2022,1,A,1,99.99
1241,12/10/2022,9,A,1,99.99
1242,12/10/2022,9,A,1,99.99
1243,12/10/2022,9,A,1,99.99
1244,12/10/2022,9,A,1,99.99
1245,12/10/2022,8,A,1,99.99
1246,12/10/2022,7,A,1,99.99
1247,12/10/2022,7,A,1,99.99
1248,12/10/2022,3,A,1,99.99
1249,12/10/2022,3,A,1,99.99
1250,12/10/2022,2,B,1,79.99
1251,12/10/2022,2,C,1,39.99
1252,12/10/2022,2,C,1,39.99
1253,12/10/2022,1,C,1,39.99
1254,12/10/2022,1,C,1,39.99
1255,13/10/2022,9,A,1,99.99
1256,13/10/2022,9,C,1,39.99
1257,13/10/2022,7,A,1,99.99
1258,13/10/2022,7,A,1,99.99
1259,13/10/2022,5,A,1,99.99
1260,13/10/2022,2,A,1,99.99
1261,13/10/2022,2,C,1,39.99
1262,13/10/2022,1,C,1,39.99
1263,13/10/2022,1,C,1,39.99
1264,14/10/2022,8,A,1,99.99
1265,14/10/2022,8,C,1,39.99
1266,15/10/2022,8,A,1,99.99
1267,15/10/2022,8,A,2,199.98
1268,15/10/2022,8,A,1,99.99
1269,15/10/2022,7,A,1,99.99
1270,15/10/2022,7,A,1,99.99
1271,15/10/2022,2,C,2,79.98
1272,15/10/2022,2,C,1,39.99
1273,15/10/2022,1,A,1,99.99
1274,16/10/2022,9,A,1,99.99
1275,16/10/2022,9,A,1,99.99
1276,16/10/2022,9,A,1,99.99
1277,16/10/2022,8,A,1,99.99
1278,16/10/2022,8,A,1,99.99
1279,16/10/2022,8,A,1,99.99
1280,16/10/2022,8,C,1,39.99
1281,16/10/2022,7,A,1,99.99
1282,16/10/2022,7,A,1,99.99
1283,16/10/2022,7,C,1,39.99
1284,16/10/2022,7,C,1,39.99
1285,16/10/2022,7,C,1,39.99
1286,16/10/2022,2,B,1,79.99
1287,16/10/2022,1,A,1,99.99
1288,16/10/2022,1,B,1,79.99
1289,16/10/2022,1,B,1,79.99
1290,17/10/2022,9,C,1,39.99
1291,17/10/2022,2,B,1,79.99
1292,17/10/2022,2,B,1,79.99
1293,17/10/2022,2,C,1,39.99
1294,18/10/2022,8,C,1,39.99
1295,18/10/2022,8,C,2,79.98
1296,18/10/2022,7,A,1,99.99
1297,18/10/2022,3,A,3,299.97
1298,18/10/2022,3,A,1,99.99
1299,19/10/2022,9,A,1,99.99
1300,19/10/2022,8,A,1,99.99
1301,19/10/2022,8,A,1,99.99
1302,19/10/2022,7,A,1,99.99
1303,19/10/2022,6,A,1,99.99
1304,19/10/2022,4,C,1,39.99
1305,19/10/2022,2,B,1,79.99
1306,19/10/2022,2,C,1,39.99
1307,20/10/2022,8,A,1,99.99
1308,20/10/2022,8,A,1,99.99
1309,20/10/2022,8,C,1,39.99
1310,20/10/2022,8,C,1,39.99
1311,20/10/2022,8,C,1,39.99
1312,20/10/2022,3,C,1,39.99
1313,20/10/2022,3,C,1,39.99
1314,20/10/2022,2,C,1,39.99
1315,20/10/2022,2,C,1,39.99
1316,20/10/2022,1,C,1,39.99
1317,21/10/2022,8,C,1,39.99
1318,21/10/2022,8,C,1,39.99
1319,21/10/2022,7,A,1,99.99
1320,21/10/2022,7,A,1,99.99
1321,21/10/2022,7,A,1,99.99
1322,21/10/2022,7,C,1,39.99
1323,21/10/2022,6,B,1,79.99
1324,21/10/2022,2,A,1,99.99
1325,21/10/2022,2,A,1,99.99
1326,21/10/2022,2,A,1,99.99
1327,21/10/2022,2,A,1,99.99
1328,21/10/2022,2,A,1,99.99
1329,21/10/2022,2,A,1,99.99
1330,21/10/2022,2,C,1,39.99
1331,21/10/2022,2,C,-1,-39.99
1332,21/10/2022,1,A,1,99.99
1333,22/10/2022,9,A,1,99.99
1334,22/10/2022,9,A,1,99.99
1335,22/10/2022,9,A,1,99.99
1336,22/10/2022,8,A,1,99.99
1337,22/10/2022,8,A,1,99.99
1338,22/10/2022,8,A,1,99.99
1339,22/10/2022,2,A,1,99.99
1340,22/10/2022,1,B,1,79.99
1341,23/10/2022,9,A,1,99.99
1342,23/10/2022,9,C,1,39.99
1343,23/10/2022,8,A,1,99.99
1344,23/10/2022,8,A,1,99.99
1345,23/10/2022,8,C,1,39.99
1346,23/10/2022,5,A,1,99.99
1347,23/10/2022,3,A,1,99.99
1348,23/10/2022,3,C,1,39.99
1349,23/10/2022,2,C,1,39.99
1350,23/10/2022,2,C,1,39.99
1351,23/10/2022,2,C,1,39.99
1352,23/10/2022,2,C,1,39.99
1353,23/10/2022,1,C,1,39.99
1354,24/10/2022,8,A,1,99.99
1355,24/10/2022,8,A,1,99.99
1356,24/10/2022,7,C,1,39.99
1357,24/10/2022,7,C,1,39.99
1358,24/10/2022,4,C,1,39.99
1359,24/10/2022,2,C,1,39.99
1360,24/10/2022,2,C,1,39.99
1361,24/10/2022,1,C,1,39.99
1362,25/10/2022,9,C,1,39.99
1363,25/10/2022,8,C,1,39.99
1364,25/10/2022,1,A,1,99.99
1365,25/10/2022,1,C,1,39.99
1366,26/10/2022,9,C,1,39.99
1367,26/10/2022,8,C,1,39.99
1368,26/10/2022,8,C,1,39.99
1369,26/10/2022,7,C,1,39.99
1370,26/10/2022,7,C,1,39.99
1371,26/10/2022,2,A,1,99.99
1372,26/10/2022,1,C,1,39.99
1373,27/10/2022,8,B,1,79.99
1374,27/10/2022,7,A,1,99.99
1375,27/10/2022,3,A,1,99.99
1376,27/10/2022,2,A,1,99.99
1377,27/10/2022,2,A,1,99.99
1378,27/10/2022,1,A,-1,-99.99
1379,28/10/2022,8,A,1,99.99
1380,28/10/2022,8,A,1,99.99
1381,28/10/2022,8,A,1,99.99
1382,28/10/2022,8,A,2,199.98
1383,28/10/2022,8,C,1,39.99
1384,28/10/2022,1,C,1,39.99
1385,28/10/2022,1,C,1,39.99
1386,28/10/2022,1,C,1,39.99
1387,28/10/2022,1,C,1,39.99
1388,29/10/2022,8,C,1,39.99
1389,29/10/2022,8,C,1,39.99
1390,29/10/2022,3,A,1,99.99
1391,29/10/2022,1,A,1,99.99
1392,29/10/2022,1,A,1,99.99
1393,29/10/2022,1,C,1,39.99
1394,29/10/2022,1,C,1,39.99
1395,30/10/2022,9,A,1,99.99
1396,30/10/2022,9,A,1,99.99
1397,30/10/2022,9,C,1,39.99
1398,30/10/2022,8,A,1,99.99
1399,30/10/2022,8,C,1,39.99
1400,30/10/2022,8,C,1,39.99
1401,30/10/2022,7,C,1,39.99
1402,30/10/2022,7,C,1,39.99
1403,30/10/2022,7,C,1,39.99
1404,30/10/2022,4,A,1,99.99
1405,30/10/2022,4,A,1,99.99
1406,30/10/2022,4,A,1,99.99
1407,30/10/2022,2,A,1,99.99
1408,30/10/2022,2,A,1,99.99
1409,30/10/2022,1,A,1,99.99
1410,31/10/2022,7,C,1,39.99
1411,31/10/2022,3,B,1,79.99
1412,31/10/2022,3,C,1,39.99
1413,31/10/2022,3,C,1,39.99
1414,31/10/2022,2,A,1,99.99
1415,31/10/2022,2,C,1,39.99
1416,31/10/2022,1,C,1,39.99
1417,01/11/2022,9,B,1,79.99
1418,01/11/2022,9,C,1,39.99
1419,01/11/2022,8,A,1,99.99
1420,01/11/2022,8,A,1,99.99
1421,01/11/2022,8,C,1,39.99
1422,01/11/2022,7,A,1,99.99
1423,01/11/2022,7,C,1,39.99
1424,01/11/2022,5,B,1,79.99
1425,01/11/2022,2,C,1,39.99
1426,01/11/2022,2,C,1,39.99
1427,01/11/2022,2,C,1,39.99
1428,01/11/2022,1,C,1,39.99
1429,01/11/2022,1,C,1,39.99
1430,01/11/2022,1,C,1,39.99
1431,02/11/2022,9,C,1,39.99
1432,02/11/2022,7,A,1,99.99
1433,02/11/2022,2,A,1,99.99
1434,02/11/2022,2,A,1,99.99
1435,02/11/2022,1,A,1,99.99
1436,02/11/2022,1,A,1,99.99
1437,03/11/2022,8,C,1,39.99
1438,03/11/2022,7,A,1,99.99
1439,03/11/2022,7,A,1,99.99
1440,03/11/2022,7,C,1,39.99
1441,03/11/2022,1,A,1,99.99
1442,03/11/2022,1,A,1,99.99
1443,03/11/2022,1,A,1,99.99
1444,03/11/2022,1,A,1,99.99
1445,03/11/2022,1,A,1,99.99
1446,04/11/2022,8,C,1,39.99
1447,04/11/2022,8,C,1,39.99
1448,04/11/2022,7,A,1,99.99
1449,04/11/2022,6,A,1,99.99
1450,04/11/2022,6,C,1,39.99
1451,04/11/2022,3,C,1,39.99
1452,04/11/2022,2,A,1,99.99
1453,04/11/2022,2,A,1,99.99
1454,04/11/2022,2,B,1,79.99
1455,04/11/2022,2,C,1,39.99
1456,04/11/2022,1,A,1,99.99
1457,04/11/2022,1,A,1,99.99
1458,04/11/2022,1,A,1,99.99
1459,05/11/2022,8,B,1,79.99
1460,05/11/2022,7,A,1,99.99
1461,05/11/2022,3,C,1,39.99
1462,05/11/2022,3,C,1,39.99
1463,05/11/2022,1,A,1,99.99
1464,05/11/2022,1,C,1,39.99
1465,05/11/2022,1,C,1,39.99
1466,05/11/2022,1,C,1,39.99
1467,06/11/2022,8,B,1,79.99
1468,06/11/2022,8,B,1,79.99
1469,06/11/2022,7,A,1,99.99
1470,06/11/2022,6,B,1,79.99
1471,06/11/2022,3,A,1,99.99
1472,06/11/2022,2,A,1,99.99
1473,07/11/2022,8,A,1,99.99
1474,07/11/2022,8,A,1,99.99
1475,07/11/2022,3,C,1,39.99
1476,07/11/2022,3,C,1,39.99
1477,07/11/2022,3,C,1,39.99
1478,08/11/2022,9,A,1,99.99
1479,08/11/2022,9,A,1,99.99
1480,08/11/2022,9,A,1,99.99
1481,08/11/2022,9,A,1,99.99
1482,08/11/2022,8,A,1,99.99
1483,08/11/2022,6,A,1,99.99
1484,08/11/2022,2,A,1,99.99
1485,08/11/2022,2,A,1,99.99
1486,08/11/2022,2,A,1,99.99
1487,09/11/2022,8,A,1,99.99
1488,09/11/2022,8,A,1,99.99
1489,09/11/2022,8,C,1,39.99
1490,09/11/2022,7,A,1,99.99
1491,09/11/2022,1,B,1,79.99
1492,09/11/2022,1,C,1,39.99
1493,10/11/2022,9,A,1,99.99
1494,10/11/2022,2,A,1,99.99
1495,11/11/2022,9,C,1,39.99
1496,11/11/2022,9,C,1,39.99
1497,11/11/2022,8,A,1,99.99
1498,11/11/2022,8,A,1,99.99
1499,11/11/2022,8,C,1,39.99
1500,11/11/2022,8,C,1,39.99
1501,11/11/2022,7,C,1,39.99
1502,12/11/2022,9,B,1,79.99
1503,12/11/2022,8,B,1,79.99
1504,12/11/2022,7,A,1,99.99
1505,12/11/2022,7,A,1,99.99
1506,12/11/2022,7,A,1,99.99
1507,12/11/2022,7,A,1,99.99
1508,12/11/2022,2,C,1,39.99
1509,12/11/2022,1,A,1,99.99
1510,12/11/2022,1,A,1,99.99
1511,12/11/2022,1,A,1,99.99
1512,12/11/2022,1,A,1,99.99
1513,12/11/2022,1,B,1,79.99
1514,12/11/2022,1,B,1,79.99
1515,13/11/2022,8,B,1,79.99
1516,13/11/2022,8,B,1,79.99
1517,13/11/2022,7,B,1,79.99
1518,13/11/2022,7,B,1,79.99
1519,13/11/2022,6,A,1,99.99
1520,13/11/2022,6,A,1,99.99
1521,13/11/2022,3,A,1,99.99
1522,13/11/2022,3,A,1,99.99
1523,13/11/2022,3,A,1,99.99
1524,13/11/2022,3,A,1,99.99
1525,13/11/2022,2,A,1,99.99
1526,13/11/2022,2,A,1,99.99
1527,13/11/2022,1,A,1,99.99
1528,13/11/2022,1,A,1,99.99
1529,14/11/2022,9,C,1,39.99
1530,14/11/2022,8,A,1,99.99
1531,14/11/2022,8,A,1,99.99
1532,14/11/2022,7,C,1,39.99
1533,14/11/2022,4,A,1,99.99
1534,14/11/2022,2,A,1,99.99
1535,14/11/2022,2,A,1,99.99
1536,14/11/2022,2,A,1,99.99
1537,14/11/2022,2,A,1,99.99
1538,15/11/2022,9,A,1,99.99
1539,15/11/2022,8,A,1,99.99
1540,15/11/2022,8,C,1,39.99
1541,15/11/2022,8,C,1,39.99
1542,15/11/2022,8,C,1,39.99
1543,15/11/2022,7,A,1,99.99
1544,15/11/2022,6,C,1,39.99
1545,15/11/2022,2,A,1,99.99
1546,15/11/2022,2,A,1,99.99
1547,15/11/2022,2,B,1,79.99
1548,16/11/2022,8,C,1,39.99
1549,16/11/2022,7,A,1,99.99
1550,16/11/2022,7,A,1,99.99
1551,16/11/2022,7,C,1,39.99
1552,16/11/2022,3,A,1,99.99
1553,16/11/2022,1,A,1,99.99
1554,16/11/2022,1,A,1,99.99
1555,16/11/2022,1,A,1,99.99
1556,16/11/2022,1,A,1,99.99
1557,17/11/2022,8,A,1,99.99
1558,17/11/2022,6,A,1,99.99
1559,17/11/2022,6,A,1,99.99
1560,17/11/2022,2,A,1,99.99
1561,17/11/2022,1,A,1,99.99
1562,17/11/2022,1,C,1,39.99
1563,17/11/2022,1,C,1,39.99
1564,17/11/2022,1,C,1,39.99
1565,18/11/2022,9,A,1,99.99
1566,18/11/2022,9,A,1,99.99
1567,18/11/2022,8,A,1,99.99
1568,18/11/2022,8,A,1,99.99
1569,18/11/2022,8,A,1,99.99
1570,18/11/2022,8,A,1,99.99
1571,18/11/2022,7,A,1,99.99
1572,18/11/2022,6,A,1,99.99
1573,18/11/2022,6,A,1,99.99
1574,18/11/2022,6,C,1,39.99
1575,18/11/2022,6,C,1,39.99
1576,18/11/2022,4,C,1,39.99
1577,18/11/2022,2,A,1,99.99
1578,18/11/2022,2,C,1,39.99
1579,19/11/2022,8,A,1,99.99
1580,19/11/2022,7,A,1,99.99
1581,19/11/2022,3,C,1,39.99
1582,19/11/2022,1,B,1,79.99
1583,20/11/2022,9,C,1,39.99
1584,20/11/2022,8,C,1,39.99
1585,20/11/2022,8,C,1,39.99
1586,20/11/2022,8,C,1,39.99
1587,20/11/2022,8,C,1,39.99
1588,20/11/2022,7,B,1,79.99
1589,20/11/2022,1,A,1,99.99
1590,20/11/2022,1,A,1,99.99
1591,20/11/2022,1,A,1,99.99
1592,21/11/2022,9,A,1,99.99
1593,21/11/2022,9,A,1,99.99
1594,21/11/2022,9,A,1,99.99
1595,21/11/2022,7,C,1,39.99
1596,21/11/2022,7,C,-1,-39.99
1597,21/11/2022,1,C,1,39.99
1598,21/11/2022,1,C,1,39.99
1599,22/11/2022,8,A,1,99.99
1600,22/11/2022,8,A,1,99.99
1601,22/11/2022,8,A,1,99.99
1602,22/11/2022,8,C,1,39.99
1603,22/11/2022,7,A,1,99.99
1604,22/11/2022,2,A,1,99.99
1605,22/11/2022,1,A,1,99.99
1606,23/11/2022,8,A,1,99.99
1607,23/11/2022,8,A,1,99.99
1608,23/11/2022,2,A,1,99.99
1609,23/11/2022,2,A,1,99.99
1610,23/11/2022,2,A,1,99.99
1611,23/11/2022,2,A,1,99.99
1612,23/11/2022,2,A,1,99.99
1613,23/11/2022,2,A,1,99.99
1614,24/11/2022,9,A,1,99.99
1615,24/11/2022,8,A,1,99.99
1616,24/11/2022,8,C,1,39.99
1617,24/11/2022,8,C,1,39.99
1618,24/11/2022,7,A,1,99.99
1619,24/11/2022,2,A,1,99.99
1620,24/11/2022,2,A,1,99.99
1621,24/11/2022,2,A,1,99.99
1622,24/11/2022,1,B,1,79.99
1623,24/11/2022,1,C,1,39.99
1624,24/11/2022,1,C,1,39.99
1625,24/11/2022,1,C,1,39.99
1626,24/11/2022,1,C,1,39.99
1627,25/11/2022,8,A,1,99.99
1628,25/11/2022,8,A,1,99.99
1629,25/11/2022,8,A,1,99.99
1630,25/11/2022,8,A,1,99.99
1631,25/11/2022,8,A,1,99.99
1632,25/11/2022,8,C,1,39.99
1633,25/11/2022,7,A,1,99.99
1634,25/11/2022,7,A,2,199.98
1635,25/11/2022,7,C,1,39.99
1636,25/11/2022,7,C,1,39.99
1637,25/11/2022,7,C,1,39.99
1638,25/11/2022,7,C,1,39.99
1639,25/11/2022,3,A,1,99.99
1640,25/11/2022,3,A,1,99.99
1641,25/11/2022,3,A,1,99.99
1642,25/11/2022,2,A,1,99.99
1643,25/11/2022,2,A,1,99.99
1644,25/11/2022,1,A,1,99.99
1645,25/11/2022,1,A,1,99.99
1646,26/11/2022,9,A,1,99.99
1647,26/11/2022,7,A,1,99.99
1648,26/11/2022,3,C,1,39.99
1649,26/11/2022,3,C,1,39.99
1650,26/11/2022,3,C,1,39.99
1651,26/11/2022,2,A,1,99.99
1652,26/11/2022,2,A,1,99.99
1653,26/11/2022,2,A,1,99.99
1654,26/11/2022,2,A,1,99.99
1655,26/11/2022,2,A,1,99.99
1656,26/11/2022,2,A,1,99.99
1657,26/11/2022,1,C,1,39.99
1658,27/11/2022,9,A,1,99.99
1659,27/11/2022,9,A,1,99.99
1660,27/11/2022,8,C,1,39.99
1661,27/11/2022,7,A,1,99.99
1662,27/11/2022,6,A,1,99.99
1663,27/11/2022,3,B,1,79.99
1664,27/11/2022,2,A,1,99.99
1665,27/11/2022,2,C,1,39.99
1666,27/11/2022,1,B,1,79.99
1667,27/11/2022,1,C,1,39.99
1668,28/11/2022,8,A,1,99.99
1669,28/11/2022,8,A,1,99.99
1670,28/11/2022,7,C,1,39.99
1671,28/11/2022,6,B,1,79.99
1672,28/11/2022,3,A,1,99.99
1673,28/11/2022,3,A,1,99.99
1674,28/11/2022,2,A,-1,-99.99
1675,28/11/2022,2,A,1,99.99
1676,28/11/2022,2,A,1,99.99
1677,28/11/2022,2,A,1,99.99
1678,28/11/2022,2,A,1,99.99
1679,28/11/2022,2,C,1,39.99
1680,28/11/2022,2,C,1,39.99
1681,28/11/2022,2,C,1,39.99
1682,28/11/2022,1,A,1,99.99
1683,28/11/2022,1,A,1,99.99
1684,28/11/2022,1,C,1,39.99
1685,28/11/2022,1,C,1,39.99
1686,29/11/2022,8,C,1,39.99
1687,29/11/2022,3,A,1,99.99
1688,29/11/2022,3,A,1,99.99
1689,29/11/2022,2,A,1,99.99
1690,29/11/2022,2,A,1,99.99
1691,29/11/2022,1,C,1,39.99
1692,29/11/2022,1,C,1,39.99
1693,30/11/2022,9,A,1,99.99
1694,30/11/2022,8,C,1,39.99
1695,30/11/2022,1,A,1,99.99
1696,30/11/2022,1,B,1,79.99
1697,30/11/2022,1,C,1,39.99
1698,01/12/2022,8,C,1,39.99
1699,01/12/2022,8,C,1,39.99
1700,01/12/2022,7,C,1,39.99
1701,01/12/2022,1,B,1,79.99
1702,02/12/2022,9,A,1,99.99
1703,02/12/2022,9,A,1,99.99
1704,02/12/2022,9,A,2,199.98
1705,02/12/2022,8,C,1,39.99
1706,02/12/2022,8,C,1,39.99
1707,02/12/2022,7,A,1,99.99
1708,02/12/2022,3,A,1,99.99
1709,02/12/2022,2,A,1,99.99
1710,02/12/2022,2,A,1,99.99
1711,02/12/2022,1,C,1,39.99
1712,03/12/2022,8,C,1,39.99
1713,03/12/2022,8,C,1,39.99
1714,03/12/2022,7,A,1,99.99
1715,03/12/2022,5,C,1,39.99
1716,03/12/2022,5,C,1,39.99
1717,03/12/2022,2,A,1,99.99
1718,03/12/2022,2,A,1,99.99
1719,03/12/2022,2,A,1,99.99
1720,03/12/2022,2,A,1,99.99
1721,03/12/2022,2,A,1,99.99
1722,03/12/2022,2,A,1,99.99
1723,03/12/2022,2,C,-1,-39.99
1724,03/12/2022,2,C,1,39.99
1725,03/12/2022,2,C,1,39.99
1726,03/12/2022,2,C,1,39.99
1727,03/12/2022,1,C,1,39.99
1728,04/12/2022,8,C,1,39.99
1729,04/12/2022,8,C,1,39.99
1730,04/12/2022,6,A,1,99.99
1731,04/12/2022,5,C,1,39.99
1732,04/12/2022,2,A,1,99.99
1733,04/12/2022,2,A,1,99.99
1734,04/12/2022,1,A,1,99.99
1735,05/12/2022,9,A,1,99.99
1736,05/12/2022,9,C,1,39.99
1737,05/12/2022,9,C,1,39.99
1738,05/12/2022,8,A,1,99.99
1739,05/12/2022,8,A,1,99.99
1740,05/12/2022,6,C,1,39.99
1741,05/12/2022,1,A,1,99.99
1742,06/12/2022,9,C,1,39.99
1743,06/12/2022,9,C,1,39.99
1744,06/12/2022,9,C,1,39.99
1745,06/12/2022,8,A,1,99.99
1746,06/12/2022,8,A,1,99.99
1747,06/12/2022,8,C,1,39.99
1748,06/12/2022,6,A,1,99.99
1749,06/12/2022,6,C,1,39.99
1750,06/12/2022,1,A,1,99.99
1751,06/12/2022,1,C,1,39.99
1752,07/12/2022,9,A,1,99.99
1753,07/12/2022,8,A,1,99.99
1754,07/12/2022,8,C,1,39.99
1755,07/12/2022,8,C,1,39.99
1756,07/12/2022,8,C,1,39.99
1757,07/12/2022,8,C,1,39.99
1758,07/12/2022,6,C,1,39.99
1759,07/12/2022,3,A,1,99.99
1760,07/12/2022,2,A,1,99.99
1761,07/12/2022,2,A,1,99.99
1762,07/12/2022,1,A,1,99.99
1763,08/12/2022,9,B,1,79.99
1764,08/12/2022,9,B,1,79.99
1765,08/12/2022,9,B,1,79.99
1766,08/12/2022,8,C,1,39.99
1767,08/12/2022,7,C,1,39.99
1768,08/12/2022,7,C,1,39.99
1769,08/12/2022,6,C,1,39.99
1770,08/12/2022,3,C,2,79.98
1771,08/12/2022,2,C,1,39.99
1772,09/12/2022,8,A,1,99.99
1773,09/12/2022,8,C,1,39.99
1774,09/12/2022,8,C,1,39.99
1775,09/12/2022,8,C,1,39.99
1776,09/12/2022,7,A,1,99.99
1777,09/12/2022,4,C,1,39.99
1778,09/12/2022,4,C,1,39.99
1779,09/12/2022,2,C,1,39.99
1780,09/12/2022,2,C,1,39.99
1781,09/12/2022,2,C,1,39.99
1782,09/12/2022,2,C,1,39.99
1783,09/12/2022,1,C,1,39.99
1784,09/12/2022,1,C,1,39.99
1785,10/12/2022,8,A,1,99.99
1786,10/12/2022,8,A,1,99.99
1787,10/12/2022,7,A,1,99.99
1788,10/12/2022,3,A,1,99.99
1789,10/12/2022,3,A,1,99.99
1790,10/12/2022,2,A,1,99.99
1791,10/12/2022,2,A,1,99.99
1792,10/12/2022,2,A,1,99.99
1793,10/12/2022,2,C,1,39.99
1794,11/12/2022,8,A,1,99.99
1795,11/12/2022,7,A,1,99.99
1796,11/12/2022,7,C,1,39.99
1797,11/12/2022,4,C,1,39.99
1798,11/12/2022,2,A,1,99.99
1799,11/12/2022,2,A,1,99.99
1800,11/12/2022,2,C,1,39.99
1801,11/12/2022,2,C,1,39.99
1802,12/12/2022,9,A,1,99.99
1803,12/12/2022,8,C,1,39.99
1804,12/12/2022,8,C,1,39.99
1805,12/12/2022,2,A,1,99.99
1806,12/12/2022,2,A,1,99.99
1807,12/12/2022,1,A,1,99.99
1808,13/12/2022,9,A,1,99.99
1809,13/12/2022,9,C,1,39.99
1810,13/12/2022,8,C,1,39.99
1811,13/12/2022,8,C,1,39.99
1812,13/12/2022,8,C,1,39.99
1813,13/12/2022,7,A,1,99.99
1814,13/12/2022,7,A,1,99.99
1815,13/12/2022,2,C,1,39.99
1816,14/12/2022,3,C,1,39.99
1817,14/12/2022,2,C,1,39.99
1818,14/12/2022,1,C,1,39.99
1819,15/12/2022,7,C,1,39.99
1820,15/12/2022,5,C,1,39.99
1821,15/12/2022,5,C,1,39.99
1822,15/12/2022,2,C,1,39.99
1823,15/12/2022,1,A,1,99.99
1824,15/12/2022,1,A,1,99.99
1825,16/12/2022,8,A,1,99.99
1826,16/12/2022,8,C,1,39.99
1827,16/12/2022,8,C,1,39.99
1828,16/12/2022,7,A,1,99.99
1829,16/12/2022,3,A,1,99.99
1830,16/12/2022,2,C,1,39.99
1831,16/12/2022,2,C,1,39.99
1832,16/12/2022,2,C,1,39.99
1833,16/12/2022,1,A,1,99.99
1834,16/12/2022,1,C,1,39.99
1835,17/12/2022,8,A,1,99.99
1836,17/12/2022,8,A,1,99.99
1837,17/12/2022,8,C,1,39.99
1838,17/12/2022,2,A,3,299.97
1839,17/12/2022,2,C,1,39.99
1840,17/12/2022,1,A,1,99.99
1841,18/12/2022,8,A,1,99.99
1842,18/12/2022,8,A,1,99.99
1843,18/12/2022,8,A,1,99.99
1844,18/12/2022,8,A,1,99.99
1845,18/12/2022,8,A,1,99.99
1846,18/12/2022,8,A,1,99.99
1847,18/12/2022,8,B,1,79.99
1848,18/12/2022,7,A,1,99.99
1849,18/12/2022,7,A,1,99.99
1850,18/12/2022,7,A,1,99.99
1851,18/12/2022,7,A,1,99.99
1852,18/12/2022,6,A,1,99.99
1853,18/12/2022,6,C,1,39.99
1854,18/12/2022,3,A,1,99.99
1855,18/12/2022,2,A,1,99.99
1856,18/12/2022,2,B,1,79.99
1857,18/12/2022,1,A,1,99.99
1858,18/12/2022,1,A,1,99.99
1859,18/12/2022,1,A,1,99.99
1860,18/12/2022,1,A,1,99.99
1861,18/12/2022,1,B,1,79.99
1862,18/12/2022,1,B,1,79.99
1863,18/12/2022,1,B,1,79.99
1864,19/12/2022,1,A,1,99.99
1865,19/12/2022,1,A,1,99.99
1866,19/12/2022,1,A,2,199.98
1867,19/12/2022,1,A,1,99.99
1868,19/12/2022,1,C,1,39.99
1869,20/12/2022,2,A,1,99.99
1870,20/12/2022,2,B,1,79.99
1871,20/12/2022,1,A,1,99.99
1872,21/12/2022,9,A,1,99.99
1873,21/12/2022,9,A,1,99.99
1874,21/12/2022,9,A,1,99.99
1875,21/12/2022,8,B,1,79.99
1876,21/12/2022,8,B,1,79.99
1877,21/12/2022,8,B,1,79.99
1878,21/12/2022,8,C,1,39.99
1879,21/12/2022,7,A,1,99.99
1880,21/12/2022,7,A,1,99.99
1881,21/12/2022,7,C,1,39.99
1882,21/12/2022,7,C,1,39.99
1883,21/12/2022,7,C,1,39.99
1884,21/12/2022,7,C,1,39.99
1885,21/12/2022,5,C,1,39.99
1886,21/12/2022,2,A,1,99.99
1887,21/12/2022,2,C,1,39.99
1888,21/12/2022,1,A,1,99.99
1889,21/12/2022,1,A,1,99.99
1890,22/12/2022,9,C,1,39.99
1891,22/12/2022,9,C,1,39.99
1892,22/12/2022,7,A,1,99.99
1893,22/12/2022,2,A,1,99.99
1894,22/12/2022,2,A,1,99.99
1895,22/12/2022,1,A,1,99.99
1896,22/12/2022,1,A,1,99.99
1897,23/12/2022,8,C,1,39.99
1898,23/12/2022,8,C,1,39.99
1899,23/12/2022,7,A,1,99.99
1900,23/12/2022,2,A,-1,-99.99
1901,23/12/2022,2,A,1,99.99
1902,23/12/2022,2,B,1,79.99
1903,24/12/2022,9,B,1,79.99
1904,24/12/2022,7,A,1,99.99
1905,24/12/2022,4,A,1,99.99
1906,24/12/2022,2,A,1,99.99
1907,24/12/2022,2,A,1,99.99
1908,24/12/2022,2,A,1,99.99
1909,24/12/2022,1,A,1,99.99
1910,26/12/2022,9,A,1,99.99
1911,26/12/2022,8,B,1,79.99
1912,26/12/2022,8,B,1,79.99
1913,26/12/2022,8,C,1,39.99
1914,26/12/2022,8,C,1,39.99
1915,26/12/2022,8,C,1,39.99
1916,26/12/2022,8,C,1,39.99
1917,26/12/2022,3,C,1,39.99
1918,26/12/2022,2,C,1,39.99
1919,27/12/2022,8,A,1,99.99
1920,27/12/2022,6,B,1,79.99
1921,27/12/2022,3,A,1,99.99
1922,27/12/2022,2,A,1,99.99
1923,27/12/2022,2,A,1,99.99
1924,27/12/2022,2,A,1,99.99
1925,27/12/2022,2,A,1,99.99
1926,28/12/2022,8,A,1,99.99
1927,28/12/2022,8,C,1,39.99
1928,28/12/2022,2,C,1,39.99
1929,29/12/2022,4,A,1,99.99
1930,29/12/2022,1,C,1,39.99
1931,29/12/2022,1,C,1,39.99
1932,29/12/2022,1,C,1,39.99
1933,30/12/2022,9,A,1,99.99
1934,30/12/2022,9,C,1,39.99
1935,30/12/2022,9,C,1,39.99
1936,30/12/2022,7,A,2,199.98
1937,30/12/2022,7,A,1,99.99
1938,30/12/2022,7,A,1,99.99
1939,30/12/2022,7,A,1,99.99
1940,30/12/2022,7,C,1,39.99
1941,30/12/2022,7,C,1,39.99
1942,30/12/2022,3,C,1,39.99
1943,31/12/2022,9,B,1,79.99
1944,31/12/2022,8,A,1,99.99
1945,31/12/2022,8,A,1,99.99
1946,31/12/2022,8,C,1,39.99
1947,31/12/2022,8,C,1,39.99
1948,31/12/2022,3,B,1,79.99
1949,31/12/2022,2,C,1,39.99
1950,31/12/2022,2,C,1,39.99
1951,31/12/2022,2,C,1,39.99
1952,31/12/2022,1,B,1,79.99
1953,01/01/2023,8,A,1,99.99
1954,01/01/2023,8,A,1,99.99
1955,01/01/2023,8,A,1,99.99
1956,01/01/2023,6,B,1,79.99
1957,02/01/2023,8,C,1,39.99
1958,02/01/2023,8,C,1,39.99
1959,02/01/2023,8,C,1,39.99
1960,02/01/2023,4,A,1,99.99
1961,02/01/2023,1,C,1,39.99
1962,02/01/2023,1,C,1,39.99
1963,03/01/2023,8,A,1,99.99
1964,03/01/2023,8,A,1,99.99
1965,03/01/2023,8,C,1,39.99
1966,04/01/2023,3,A,1,99.99
1967,05/01/2023,8,A,1,99.99
1968,05/01/2023,8,B,1,79.99
1969,05/01/2023,7,A,1,99.99
1970,05/01/2023,7,C,1,39.99
1971,05/01/2023,7,C,1,39.99
1972,05/01/2023,1,C,1,39.99
1973,06/01/2023,8,C,1,39.99
1974,06/01/2023,8,C,1,39.99
1975,06/01/2023,2,B,1,79.99
1976,06/01/2023,2,B,1,79.99
1977,07/01/2023,8,C,1,39.99
1978,07/01/2023,7,A,1,99.99
1979,07/01/2023,3,C,1,39.99
1980,07/01/2023,3,C,1,39.99
1981,08/01/2023,8,C,1,39.99
1982,08/01/2023,8,C,1,39.99
1983,08/01/2023,7,A,1,99.99
1984,08/01/2023,7,A,1,99.99
1985,08/01/2023,6,C,1,39.99
1986,08/01/2023,4,C,1,39.99
1987,08/01/2023,1,C,1,39.99
1988,09/01/2023,9,B,1,79.99
1989,09/01/2023,8,C,1,39.99
1990,09/01/2023,8,C,1,39.99
1991,09/01/2023,3,B,1,79.99
1992,09/01/2023,2,B,1,79.99
1993,09/01/2023,2,B,1,79.99
1994,09/01/2023,1,A,1,99.99
1995,09/01/2023,1,A,1,99.99
1996,09/01/2023,1,A,1,99.99
1997,10/01/2023,2,B,1,79.99
1998,10/01/2023,2,B,1,79.99
1999,11/01/2023,8,A,1,99.99
2000,11/01/2023,3,A,1,99.99
2001,11/01/2023,3,A,1,99.99
2002,11/01/2023,2,A,1,99.99
2003,11/01/2023,1,C,1,39.99
2004,11/01/2023,1,C,1,39.99
2005,12/01/2023,8,C,1,39.99
2006,12/01/2023,7,B,1,79.99
2007,13/01/2023,8,A,1,99.99
2008,13/01/2023,8,A,1,99.99
2009,13/01/2023,7,A,1,99.99
2010,13/01/2023,7,C,1,39.99
2011,13/01/2023,3,A,1,99.99
2012,13/01/2023,2,A,1,99.99
2013,13/01/2023,2,C,1,39.99
2014,13/01/2023,2,C,1,39.99
2015,14/01/2023,8,C,1,39.99
2016,14/01/2023,8,C,1,39.99
2017,14/01/2023,8,C,1,39.99
2018,14/01/2023,1,A,1,99.99
2019,14/01/2023,1,C,1,39.99
2020,15/01/2023,7,A,1,99.99
2021,15/01/2023,7,A,1,99.99
2022,15/01/2023,1,A,1,99.99
2023,15/01/2023,1,A,1,99.99
2024,15/01/2023,1,B,1,79.99
2025,16/01/2023,7,A,1,99.99
2026,16/01/2023,2,B,1,79.99
2027,17/01/2023,8,A,1,99.99
2028,17/01/2023,8,C,1,39.99
2029,17/01/2023,8,C,1,39.99
2030,17/01/2023,2,C,1,39.99
2031,17/01/2023,2,C,1,39.99
2032,17/01/2023,1,A,1,99.99
2033,18/01/2023,7,A,1,99.99
2034,18/01/2023,7,A,1,99.99
2035,18/01/2023,6,A,1,99.99
2036,19/01/2023,9,A,1,99.99
2037,19/01/2023,4,C,1,39.99
2038,19/01/2023,3,C,1,39.99
2039,19/01/2023,3,C,1,39.99
2040,19/01/2023,2,C,1,39.99
2041,19/01/2023,1,B,1,79.99
2042,20/01/2023,8,C,1,39.99
2043,20/01/2023,8,C,1,39.99
2044,20/01/2023,8,C,2,79.98
2045,20/01/2023,2,C,1,39.99
2046,21/01/2023,9,A,1,99.99
2047,21/01/2023,9,A,1,99.99
2048,21/01/2023,9,C,1,39.99
2049,21/01/2023,8,B,1,79.99
2050,21/01/2023,8,C,1,39.99
2051,21/01/2023,8,C,1,39.99
2052,22/01/2023,8,A,1,99.99
2053,22/01/2023,8,A,1,99.99
2054,22/01/2023,8,A,1,99.99
2055,22/01/2023,8,A,1,99.99
2056,22/01/2023,8,C,1,39.99
2057,22/01/2023,7,A,1,99.99
2058,22/01/2023,2,A,1,99.99
2059,22/01/2023,2,A,1,99.99
2060,22/01/2023,2,C,1,39.99
2061,23/01/2023,4,A,1,99.99
2062,23/01/2023,1,A,1,99.99
2063,23/01/2023,1,C,1,39.99
2064,23/01/2023,1,C,1,39.99
2065,24/01/2023,8,C,1,39.99
2066,24/01/2023,1,C,1,39.99
2067,25/01/2023,8,C,1,39.99
2068,25/01/2023,8,C,1,39.99
2069,25/01/2023,8,C,1,39.99
2070,25/01/2023,7,C,1,39.99
2071,25/01/2023,7,C,1,39.99
2072,25/01/2023,7,C,1,39.99
2073,25/01/2023,3,A,1,99.99
2074,26/01/2023,7,A,1,99.99
2075,26/01/2023,7,A,1,99.99
2076,26/01/2023,7,A,1,99.99
2077,26/01/2023,7,C,1,39.99
2078,26/01/2023,5,A,1,99.99
2079,26/01/2023,3,C,1,39.99
2080,26/01/2023,2,A,1,99.99
2081,26/01/2023,2,A,-1,-99.99
2082,26/01/2023,1,A,1,99.99
2083,26/01/2023,1,A,1,99.99
2084,26/01/2023,1,A,1,99.99
2085,26/01/2023,1,A,1,99.99
2086,27/01/2023,9,C,1,39.99
2087,27/01/2023,9,C,1,39.99
2088,27/01/2023,9,C,1,39.99
2089,27/01/2023,9,C,1,39.99
2090,28/01/2023,8,A,1,99.99
2091,28/01/2023,7,A,1,99.99
2092,28/01/2023,2,A,1,99.99
2093,28/01/2023,2,A,1,99.99
2094,29/01/2023,9,A,1,99.99
2095,29/01/2023,9,A,1,99.99
2096,29/01/2023,9,C,1,39.99
2097,29/01/2023,8,A,1,99.99
2098,29/01/2023,8,C,1,39.99
2099,29/01/2023,8,C,1,39.99
2100,29/01/2023,8,C,1,39.99
2101,29/01/2023,8,C,1,39.99
2102,29/01/2023,8,C,1,39.99
2103,29/01/2023,1,A,1,99.99
2104,29/01/2023,1,A,-1,-99.99
2105,29/01/2023,1,A,1,99.99
2106,29/01/2023,1,C,1,39.99
2107,30/01/2023,8,C,1,39.99
2108,30/01/2023,2,A,1,99.99
2109,30/01/2023,1,C,1,39.99
2110,31/01/2023,2,C,1,39.99
2111,31/01/2023,1,A,1,99.99
2112,31/01/2023,1,A,1,99.99
2113,31/01/2023,1,C,1,39.99
2114,31/01/2023,1,C,1,39.99
2115,01/02/2023,9,C,1,33.99
2116,01/02/2023,2,C,1,33.99
2117,01/02/2023,2,C,1,33.99
2118,02/02/2023,3,C,1,33.99
2119,02/02/2023,1,C,1,33.99
2120,02/02/2023,1,C,1,33.99
2121,03/02/2023,8,A,1,99.99
2122,03/02/2023,7,C,1,33.99
2123,03/02/2023,7,C,1,33.99
2124,03/02/2023,7,C,1,33.99
2125,03/02/2023,1,A,1,99.99
2126,03/02/2023,1,C,1,33.99
2127,04/02/2023,8,B,1,79.99
2128,04/02/2023,8,C,1,33.99
2129,04/02/2023,7,C,1,33.99
2130,04/02/2023,7,C,1,33.99
2131,05/02/2023,9,A,1,99.99
2132,05/02/2023,8,A,1,99.99
2133,05/02/2023,8,A,1,99.99
2134,05/02/2023,7,A,1,99.99
2135,05/02/2023,7,A,1,99.99
2136,05/02/2023,7,A,1,99.99
2137,05/02/2023,7,A,1,99.99
2138,05/02/2023,6,A,1,99.99
2139,05/02/2023,6,A,1,99.99
2140,05/02/2023,4,C,1,33.99
2141,05/02/2023,1,C,1,33.99
2142,06/02/2023,9,C,1,33.99
2143,06/02/2023,8,C,1,33.99
2144,06/02/2023,8,C,1,33.99
2145,06/02/2023,6,B,1,79.99
2146,06/02/2023,2,A,1,99.99
2147,06/02/2023,2,A,1,99.99
2148,06/02/2023,2,A,1,99.99
2149,06/02/2023,2,A,1,99.99
2150,07/02/2023,9,C,1,33.99
2151,07/02/2023,8,B,1,79.99
2152,07/02/2023,8,B,1,79.99
2153,07/02/2023,1,C,1,33.99
2154,08/02/2023,7,A,1,99.99
2155,08/02/2023,6,A,1,99.99
2156,08/02/2023,1,A,1,99.99
2157,08/02/2023,1,A,1,99.99
2158,09/02/2023,2,A,1,99.99
2159,09/02/2023,1,A,1,99.99
2160,09/02/2023,1,A,1,99.99
2161,10/02/2023,9,B,1,79.99
2162,10/02/2023,9,B,1,79.99
2163,10/02/2023,9,C,1,33.99
2164,10/02/2023,7,C,1,33.99
2165,10/02/2023,1,A,1,99.99
2166,11/02/2023,8,C,1,33.99
2167,11/02/2023,8,C,2,67.98
2168,11/02/2023,7,A,1,99.99
2169,11/02/2023,7,A,1,99.99
2170,11/02/2023,7,B,1,79.99
2171,11/02/2023,7,B,1,79.99
2172,11/02/2023,7,C,1,33.99
2173,11/02/2023,7,C,1,33.99
2174,11/02/2023,7,C,1,33.99
2175,11/02/2023,1,B,1,79.99
2176,11/02/2023,1,C,1,33.99
2177,12/02/2023,2,A,1,99.99
2178,12/02/2023,1,A,1,99.99
2179,12/02/2023,1,B,1,79.99
2180,13/02/2023,9,C,1,33.99
2181,14/02/2023,8,A,1,99.99
2182,14/02/2023,8,A,1,99.99
2183,14/02/2023,8,A,1,99.99
2184,14/02/2023,4,C,1,33.99
2185,14/02/2023,2,B,1,79.99
2186,15/02/2023,8,A,1,99.99
2187,15/02/2023,8,A,3,299.97
2188,15/02/2023,8,C,1,33.99
2189,15/02/2023,7,C,1,33.99
2190,15/02/2023,6,B,1,79.99
2191,15/02/2023,3,C,1,33.99
2192,15/02/2023,2,A,1,99.99
2193,15/02/2023,2,C,1,33.99
2194,16/02/2023,9,B,1,79.99
2195,16/02/2023,9,B,1,79.99
2196,16/02/2023,9,B,1,79.99
2197,16/02/2023,9,C,1,33.99
2198,16/02/2023,8,C,1,33.99
2199,16/02/2023,5,C,2,67.98
2200,16/02/2023,3,C,1,33.99
2201,16/02/2023,3,C,1,33.99
2202,16/02/2023,2,C,1,33.99
2203,16/02/2023,2,C,1,33.99
2204,16/02/2023,2,C,1,33.99
2205,16/02/2023,1,C,1,33.99
2206,17/02/2023,9,A,1,99.99
2207,17/02/2023,9,A,1,99.99
2208,17/02/2023,8,A,1,99.99
2209,17/02/2023,8,A,1,99.99
2210,17/02/2023,8,C,1,33.99
2211,17/02/2023,8,C,1,33.99
2212,17/02/2023,8,C,1,33.99
2213,17/02/2023,7,A,1,99.99
2214,17/02/2023,7,A,1,99.99
2215,17/02/2023,1,A,1,99.99
2216,18/02/2023,9,B,1,79.99
2217,18/02/2023,8,A,1,99.99
2218,18/02/2023,8,C,1,33.99
2219,18/02/2023,8,C,1,33.99
2220,18/02/2023,6,B,1,79.99
2221,18/02/2023,2,C,1,33.99
2222,18/02/2023,2,C,1,33.99
2223,18/02/2023,2,C,1,33.99
2224,18/02/2023,2,C,1,33.99
2225,18/02/2023,1,A,1,99.99
2226,18/02/2023,1,A,1,99.99
2227,18/02/2023,1,A,1,99.99
2228,19/02/2023,8,A,1,99.99
2229,19/02/2023,7,B,1,79.99
2230,19/02/2023,6,C,1,33.99
2231,19/02/2023,1,C,1,33.99
2232,19/02/2023,1,C,1,33.99
2233,20/02/2023,7,B,1,79.99
2234,20/02/2023,7,C,1,33.99
2235,20/02/2023,7,C,1,33.99
2236,20/02/2023,7,C,1,33.99
2237,20/02/2023,7,C,1,33.99
2238,20/02/2023,7,C,1,33.99
2239,20/02/2023,5,C,1,33.99
2240,21/02/2023,8,A,1,99.99
2241,21/02/2023,8,A,1,99.99
2242,21/02/2023,8,C,1,33.99
2243,21/02/2023,7,A,1,99.99
2244,21/02/2023,2,C,1,33.99
2245,21/02/2023,2,C,1,33.99
2246,22/02/2023,8,C,1,33.99
2247,22/02/2023,3,A,1,99.99
2248,22/02/2023,3,A,1,99.99
2249,22/02/2023,2,A,1,99.99
2250,23/02/2023,9,A,1,99.99
2251,23/02/2023,9,A,1,99.99
2252,23/02/2023,9,C,1,33.99
2253,23/02/2023,8,A,1,99.99
2254,23/02/2023,1,A,1,99.99
2255,23/02/2023,1,A,1,99.99
2256,23/02/2023,1,C,1,33.99
2257,24/02/2023,8,B,1,79.99
2258,24/02/2023,8,B,1,79.99
2259,24/02/2023,8,C,1,33.99
2260,24/02/2023,8,C,1,33.99
2261,24/02/2023,8,C,1,33.99
2262,24/02/2023,7,B,1,79.99
2263,24/02/2023,7,B,1,79.99
2264,24/02/2023,6,C,1,33.99
2265,24/02/2023,6,C,1,33.99
2266,24/02/2023,2,A,1,99.99
2267,24/02/2023,2,A,1,99.99
2268,24/02/2023,1,A,1,99.99
2269,24/02/2023,1,A,1,99.99
2270,24/02/2023,1,A,1,99.99
2271,24/02/2023,1,A,1,99.99
2272,24/02/2023,1,C,1,33.99
2273,25/02/2023,7,C,1,33.99
2274,26/02/2023,8,A,1,99.99
2275,26/02/2023,8,B,1,79.99
2276,26/02/2023,7,A,1,99.99
2277,26/02/2023,7,A,1,99.99
2278,26/02/2023,7,C,1,33.99
2279,26/02/2023,2,C,1,33.99
2280,26/02/2023,2,C,1,33.99
2281,26/02/2023,1,A,1,99.99
2282,27/02/2023,8,A,1,99.99
2283,27/02/2023,8,C,1,33.99
2284,27/02/2023,8,C,-1,-33.99
2285,27/02/2023,8,C,1,33.99
2286,27/02/2023,8,C,1,33.99
2287,27/02/2023,7,A,1,99.99
2288,27/02/2023,2,B,1,79.99
2289,27/02/2023,1,A,1,99.99
2290,27/02/2023,1,A,1,99.99
2291,28/02/2023,8,A,1,99.99
2292,28/02/2023,8,A,1,99.99
2293,28/02/2023,8,A,1,99.99
2294,28/02/2023,8,C,1,33.99
2295,28/02/2023,8,C,1,33.99
2296,28/02/2023,7,B,1,79.99
2297,28/02/2023,2,A,1,99.99
2298,28/02/2023,2,A,1,99.99
2299,01/03/2023,9,A,1,89.99
2300,01/03/2023,7,C,1,39.99
2301,01/03/2023,2,C,1,39.99
2302,01/03/2023,2,C,1,39.99
2303,01/03/2023,1,C,1,39.99
2304,02/03/2023,8,B,1,79.99
2305,02/03/2023,8,B,1,79.99
2306,02/03/2023,2,A,1,89.99
2307,02/03/2023,2,A,1,89.99
2308,03/03/2023,8,C,1,39.99
2309,03/03/2023,2,B,1,79.99
2310,03/03/2023,2,B,1,79.99
2311,04/03/2023,7,A,1,89.99
2312,04/03/2023,3,A,1,89.99
2313,05/03/2023,9,A,1,89.99
2314,05/03/2023,3,C,1,39.99
2315,05/03/2023,3,C,1,39.99
2316,05/03/2023,2,C,1,39.99
2317,06/03/2023,9,A,1,89.99
2318,06/03/2023,9,A,1,89.99
2319,06/03/2023,8,C,3,119.97
2320,06/03/2023,8,C,1,39.99
2321,06/03/2023,6,C,1,39.99
2322,06/03/2023,1,A,1,89.99
2323,06/03/2023,1,A,1,89.99
2324,07/03/2023,7,A,1,89.99
2325,07/03/2023,7,A,1,89.99
2326,07/03/2023,6,B,1,79.99
2327,07/03/2023,2,C,1,39.99
2328,10/03/2023,9,A,2,179.98
2329,10/03/2023,9,A,1,89.99
2330,10/03/2023,9,A,1,89.99
2331,10/03/2023,8,A,1,89.99
2332,10/03/2023,8,A,3,269.97
2333,10/03/2023,7,C,1,39.99
2334,10/03/2023,5,C,1,39.99
2335,10/03/2023,3,A,1,89.99
2336,10/03/2023,2,C,1,39.99
2337,10/03/2023,2,C,1,39.99
2338,10/03/2023,2,C,1,39.99
2339,10/03/2023,1,C,1,39.99
2340,11/03/2023,7,A,1,89.99
2341,11/03/2023,7,B,1,79.99
2342,11/03/2023,1,A,1,89.99
2343,12/03/2023,3,B,1,79.99
2344,12/03/2023,1,C,1,39.99
2345,12/03/2023,1,C,2,79.98
2346,12/03/2023,1,C,1,39.99
2347,12/03/2023,1,C,1,39.99
2348,13/03/2023,8,C,1,39.99
2349,13/03/2023,8,C,1,39.99
2350,13/03/2023,8,C,1,39.99
2351,13/03/2023,3,C,1,39.99
2352,13/03/2023,2,C,1,39.99
2353,13/03/2023,2,C,1,39.99
2354,13/03/2023,2,C,1,39.99
2355,13/03/2023,2,C,1,39.99
2356,13/03/2023,2,C,1,39.99
2357,13/03/2023,1,C,1,39.99
2358,13/03/2023,1,C,1,39.99
2359,13/03/2023,1,C,1,39.99
2360,14/03/2023,8,C,1,39.99
2361,14/03/2023,8,C,1,39.99
2362,14/03/2023,7,C,1,39.99
2363,14/03/2023,2,A,1,89.99
2364,14/03/2023,2,A,1,89.99
2365,14/03/2023,2,A,1,89.99
2366,14/03/2023,1,A,1,89.99
2367,14/03/2023,1,A,1,89.99
2368,15/03/2023,8,A,1,89.99
2369,15/03/2023,3,C,1,39.99
2370,16/03/2023,1,A,1,89.99
2371,17/03/2023,8,C,1,39.99
2372,17/03/2023,8,C,1,39.99
2373,17/03/2023,8,C,1,39.99
2374,17/03/2023,8,C,1,39.99
2375,17/03/2023,7,C,1,39.99
2376,17/03/2023,4,A,1,89.99
2377,17/03/2023,1,A,1,89.99
2378,18/03/2023,9,A,1,89.99
2379,18/03/2023,8,C,1,39.99
2380,18/03/2023,5,A,1,89.99
2381,19/03/2023,8,A,1,89.99
2382,19/03/2023,8,A,1,89.99
2383,19/03/2023,8,C,1,39.99
2384,19/03/2023,8,C,1,39.99
2385,20/03/2023,9,A,1,89.99
2386,20/03/2023,8,A,1,89.99
2387,20/03/2023,8,C,1,39.99
2388,20/03/2023,3,A,1,89.99
2389,20/03/2023,3,A,1,89.99
2390,20/03/2023,3,A,1,89.99
2391,20/03/2023,3,A,1,89.99
2392,20/03/2023,3,A,1,89.99
2393,20/03/2023,2,A,1,89.99
2394,20/03/2023,2,A,1,89.99
2395,20/03/2023,2,A,1,89.99
2396,20/03/2023,2,A,1,89.99
2397,20/03/2023,2,B,1,79.99
2398,21/03/2023,8,A,1,89.99
2399,21/03/2023,8,C,1,39.99
2400,21/03/2023,7,A,1,89.99
2401,21/03/2023,6,A,1,89.99
2402,21/03/2023,2,B,1,79.99
2403,22/03/2023,8,C,2,79.98
2404,22/03/2023,8,C,1,39.99
2405,22/03/2023,8,C,1,39.99
2406,22/03/2023,2,A,1,89.99
2407,22/03/2023,2,A,1,89.99
2408,23/03/2023,9,C,1,39.99
2409,23/03/2023,2,B,1,79.99
2410,23/03/2023,1,A,1,89.99
2411,23/03/2023,1,A,1,89.99
2412,23/03/2023,1,A,1,89.99
2413,23/03/2023,1,C,1,39.99
2414,24/03/2023,8,C,1,39.99
2415,24/03/2023,7,B,1,79.99
2416,24/03/2023,6,C,1,39.99
2417,24/03/2023,3,C,1,39.99
2418,24/03/2023,3,C,1,39.99
2419,25/03/2023,8,B,1,79.99
2420,25/03/2023,7,C,1,39.99
2421,25/03/2023,2,C,1,39.99
2422,25/03/2023,1,A,1,89.99
2423,25/03/2023,1,A,1,89.99
2424,25/03/2023,1,C,1,39.99
2425,26/03/2023,8,A,1,89.99
2426,26/03/2023,8,A,1,89.99
2427,26/03/2023,8,A,1,89.99
2428,26/03/2023,7,A,1,89.99
2429,26/03/2023,7,A,1,89.99
2430,26/03/2023,6,C,1,39.99
2431,26/03/2023,2,C,1,39.99
2432,26/03/2023,1,C,1,39.99
2433,27/03/2023,8,B,1,79.99
2434,27/03/2023,8,C,1,39.99
2435,27/03/2023,8,C,1,39.99
2436,27/03/2023,8,C,1,39.99
2437,27/03/2023,8,C,1,39.99
2438,27/03/2023,2,C,1,39.99
2439,28/03/2023,8,C,1,39.99
2440,28/03/2023,7,C,1,39.99
2441,28/03/2023,7,C,1,39.99
2442,28/03/2023,2,A,1,89.99
2443,29/03/2023,3,C,1,39.99
2444,29/03/2023,1,B,1,79.99
2445,29/03/2023,1,C,1,39.99
2446,30/03/2023,6,C,1,39.99
2447,30/03/2023,1,A,1,89.99
2448,31/03/2023,9,A,1,89.99
2449,31/03/2023,3,A,1,89.99
2450,31/03/2023,1,C,1,39.99
2451,01/04/2023,7,B,1,79.99
2452,01/04/2023,7,C,1,39.99
2453,02/04/2023,8,A,1,89.99
2454,02/04/2023,7,A,1,89.99
2455,02/04/2023,7,A,1,89.99
2456,02/04/2023,7,B,1,79.99
2457,02/04/2023,7,B,1,79.99
2458,02/04/2023,7,B,1,79.99
2459,02/04/2023,1,C,1,39.99
2460,03/04/2023,8,A,1,89.99
2461,04/04/2023,8,B,1,79.99
2462,04/04/2023,8,C,1,39.99
2463,04/04/2023,8,C,1,39.99
2464,04/04/2023,7,C,1,39.99
2465,04/04/2023,2,A,1,89.99
2466,05/04/2023,9,A,1,89.99
2467,05/04/2023,9,A,1,89.99
2468,05/04/2023,9,A,1,89.99
2469,05/04/2023,8,A,1,89.99
2470,05/04/2023,8,A,2,179.98
2471,05/04/2023,8,A,1,89.99
2472,05/04/2023,3,A,1,89.99
2473,05/04/2023,1,C,1,39.99
2474,06/04/2023,1,B,1,79.99
2475,07/04/2023,8,C,-1,-39.99
2476,07/04/2023,8,C,1,39.99
2477,07/04/2023,3,C,1,39.99
2478,07/04/2023,2,A,1,89.99
2479,08/04/2023,3,B,1,79.99
2480,08/04/2023,3,B,1,79.99
2481,08/04/2023,3,B,1,79.99
2482,08/04/2023,2,C,1,39.99
2483,08/04/2023,2,C,1,39.99
2484,08/04/2023,1,C,1,39.99
2485,09/04/2023,9,A,1,89.99
2486,09/04/2023,8,A,1,89.99
2487,09/04/2023,7,B,1,79.99
2488,09/04/2023,7,C,1,39.99
2489,09/04/2023,2,B,1,79.99
2490,09/04/2023,2,C,1,39.99
2491,10/04/2023,8,C,1,39.99
2492,10/04/2023,8,C,1,39.99
2493,11/04/2023,1,C,1,39.99
2494,13/04/2023,8,C,1,39.99
2495,13/04/2023,8,C,1,39.99
2496,13/04/2023,3,C,1,39.99
2497,13/04/2023,2,C,1,39.99
2498,13/04/2023,2,C,1,39.99
2499,13/04/2023,2,C,1,39.99
2500,13/04/2023,2,C,1,39.99
2501,13/04/2023,1,A,1,89.99
2502,13/04/2023,1,C,1,39.99
2503,14/04/2023,2,C,1,39.99
2504,14/04/2023,2,C,1,39.99
2505,15/04/2023,9,C,1,39.99
2506,15/04/2023,2,C,1,39.99
2507,16/04/2023,9,C,1,39.99
2508,16/04/2023,7,A,1,89.99
2509,16/04/2023,7,C,1,39.99
2510,16/04/2023,7,C,1,39.99
2511,16/04/2023,2,C,1,39.99
2512,16/04/2023,1,C,2,79.98
2513,17/04/2023,8,A,1,89.99
2514,17/04/2023,7,A,1,89.99
2515,17/04/2023,7,A,1,89.99
2516,17/04/2023,7,B,1,79.99
2517,17/04/2023,7,C,1,39.99
2518,17/04/2023,7,C,1,39.99
2519,17/04/2023,2,A,1,89.99
2520,17/04/2023,2,B,1,79.99
2521,17/04/2023,2,B,1,79.99
2522,18/04/2023,3,A,1,89.99
2523,18/04/2023,2,C,1,39.99
2524,19/04/2023,9,A,1,89.99
2525,19/04/2023,9,C,1,39.99
2526,19/04/2023,8,C,1,39.99
2527,20/04/2023,8,A,1,89.99
2528,20/04/2023,7,A,1,89.99
2529,20/04/2023,1,C,1,39.99
2530,21/04/2023,9,C,1,39.99
2531,21/04/2023,2,A,1,89.99
2532,21/04/2023,2,C,1,39.99
2533,22/04/2023,8,A,1,89.99
2534,22/04/2023,7,A,1,89.99
2535,22/04/2023,1,C,1,39.99
2536,23/04/2023,7,C,1,39.99
2537,23/04/2023,7,C,1,39.99
2538,23/04/2023,2,B,1,79.99
2539,24/04/2023,1,A,1,89.99
2540,24/04/2023,1,A,1,89.99
2541,24/04/2023,1,A,1,89.99
2542,25/04/2023,8,C,1,39.99
2543,25/04/2023,8,C,1,39.99
2544,25/04/2023,8,C,1,39.99
2545,25/04/2023,1,A,1,89.99
2546,26/04/2023,9,A,1,89.99
2547,26/04/2023,8,A,1,89.99
2548,26/04/2023,8,A,1,89.99
2549,26/04/2023,7,B,1,79.99
2550,26/04/2023,2,B,1,79.99
2551,27/04/2023,3,C,1,39.99
2552,27/04/2023,2,A,1,89.99
2553,27/04/2023,1,A,1,89.99
2554,28/04/2023,8,C,1,39.99
2555,28/04/2023,8,C,1,39.99
2556,28/04/2023,8,C,1,39.99
2557,28/04/2023,3,C,1,39.99
2558,28/04/2023,1,A,1,89.99
2559,28/04/2023,1,B,1,79.99
2560,29/04/2023,9,A,1,89.99
2561,29/04/2023,4,C,1,39.99
2562,29/04/2023,1,A,1,89.99
2563,29/04/2023,1,A,3,269.97
2564,29/04/2023,1,A,1,89.99
2565,29/04/2023,1,A,1,89.99
2566,30/04/2023,8,A,1,89.99
2567,30/04/2023,8,A,1,89.99
2568,30/04/2023,8,B,1,79.99
2569,30/04/2023,8,C,1,39.99
2570,30/04/2023,7,C,1,39.99
2571,30/04/2023,7,C,1,39.99
2572,30/04/2023,2,C,1,39.99
2573,30/04/2023,1,B,1,79.99
2574,01/05/2023,7,C,1,39.99
2575,01/05/2023,1,B,1,69.99
2576,02/05/2023,9,C,1,39.99
2577,02/05/2023,9,C,1,39.99
2578,02/05/2023,8,C,1,39.99
2579,02/05/2023,8,C,1,39.99
2580,02/05/2023,7,A,1,89.99
2581,02/05/2023,6,C,1,39.99
2582,02/05/2023,5,C,1,39.99
2583,03/05/2023,1,A,1,89.99
2584,04/05/2023,8,A,1,89.99
2585,04/05/2023,2,B,1,69.99
2586,04/05/2023,1,C,1,39.99
2587,05/05/2023,8,C,1,39.99
2588,05/05/2023,8,C,1,39.99
2589,05/05/2023,2,B,1,69.99
2590,06/05/2023,2,C,1,39.99
2591,07/05/2023,8,C,1,39.99
2592,07/05/2023,7,C,1,39.99
2593,07/05/2023,7,C,2,79.98
2594,07/05/2023,6,B,1,69.99
2595,07/05/2023,2,A,1,89.99
2596,07/05/2023,2,A,1,89.99
2597,07/05/2023,2,C,1,39.99
2598,07/05/2023,2,C,1,39.99
2599,07/05/2023,2,C,1,39.99
2600,07/05/2023,2,C,1,39.99
2601,07/05/2023,1,A,1,89.99
2602,08/05/2023,9,C,1,39.99
2603,08/05/2023,9,C,1,39.99
2604,08/05/2023,9,C,1,39.99
2605,09/05/2023,8,A,1,89.99
2606,09/05/2023,8,A,1,89.99
2607,09/05/2023,3,C,1,39.99
2608,09/05/2023,2,C,1,39.99
2609,09/05/2023,1,C,1,39.99
2610,10/05/2023,8,C,1,39.99
2611,10/05/2023,8,C,1,39.99
2612,10/05/2023,7,A,1,89.99
2613,10/05/2023,2,B,1,69.99
2614,10/05/2023,1,C,1,39.99
2615,11/05/2023,8,C,1,39.99
2616,11/05/2023,8,C,1,39.99
2617,11/05/2023,2,A,1,89.99
2618,11/05/2023,2,B,1,69.99
2619,12/05/2023,8,A,1,89.99
2620,12/05/2023,8,B,1,69.99
2621,12/05/2023,1,A,1,89.99
2622,13/05/2023,4,C,1,39.99
2623,13/05/2023,2,A,1,89.99
2624,13/05/2023,2,C,1,39.99
2625,14/05/2023,8,A,1,89.99
2626,14/05/2023,8,A,1,89.99
2627,14/05/2023,8,A,1,89.99
2628,14/05/2023,8,A,1,89.99
2629,14/05/2023,5,C,1,39.99
2630,14/05/2023,2,A,1,89.99
2631,14/05/2023,2,C,1,39.99
2632,15/05/2023,8,A,1,89.99
2633,15/05/2023,8,A,1,89.99
2634,15/05/2023,8,A,1,89.99
2635,15/05/2023,8,C,1,39.99
2636,15/05/2023,8,C,1,39.99
2637,15/05/2023,8,C,1,39.99
2638,15/05/2023,2,A,1,89.99
2639,16/05/2023,9,C,1,39.99
2640,16/05/2023,7,C,1,39.99
2641,16/05/2023,7,C,1,39.99
2642,16/05/2023,2,A,1,89.99
2643,16/05/2023,2,A,1,89.99
2644,16/05/2023,2,A,1,89.99
2645,16/05/2023,1,A,1,89.99
2646,17/05/2023,9,B,1,69.99
2647,17/05/2023,8,C,1,39.99
2648,17/05/2023,8,C,1,39.99
2649,17/05/2023,8,C,1,39.99
2650,17/05/2023,1,A,1,89.99
2651,18/05/2023,8,A,1,89.99
2652,18/05/2023,5,C,1,39.99
2653,18/05/2023,3,A,1,89.99
2654,18/05/2023,3,A,1,89.99
2655,18/05/2023,3,A,1,89.99
2656,18/05/2023,1,C,1,39.99
2657,19/05/2023,8,B,1,69.99
2658,19/05/2023,8,B,1,69.99
2659,19/05/2023,8,B,1,69.99
2660,19/05/2023,8,C,1,39.99
2661,19/05/2023,7,A,1,89.99
2662,19/05/2023,3,C,1,39.99
2663,19/05/2023,3,C,1,39.99
2664,19/05/2023,1,A,1,89.99
2665,20/05/2023,2,A,1,89.99
2666,21/05/2023,9,A,1,89.99
2667,21/05/2023,9,A,1,89.99
2668,21/05/2023,9,C,1,39.99
2669,21/05/2023,8,C,1,39.99
2670,21/05/2023,6,C,1,39.99
2671,21/05/2023,1,C,1,39.99
2672,22/05/2023,8,C,1,39.99
2673,22/05/2023,8,C,1,39.99
2674,22/05/2023,8,C,1,39.99
2675,22/05/2023,1,C,2,79.98
2676,23/05/2023,7,C,1,39.99
2677,23/05/2023,7,C,1,39.99
2678,23/05/2023,3,C,1,39.99
2679,23/05/2023,2,C,1,39.99
2680,24/05/2023,7,C,1,39.99
2681,24/05/2023,2,A,1,89.99
2682,25/05/2023,3,C,1,39.99
2683,25/05/2023,1,A,1,89.99
2684,25/05/2023,1,A,1,89.99
2685,26/05/2023,9,C,1,39.99
2686,26/05/2023,9,C,1,39.99
2687,26/05/2023,7,C,1,39.99
2688,26/05/2023,1,B,1,69.99
2689,27/05/2023,9,C,1,39.99
2690,27/05/2023,8,B,1,69.99
2691,27/05/2023,1,A,1,89.99
2692,27/05/2023,1,A,1,89.99
2693,27/05/2023,1,A,1,89.99
2694,27/05/2023,1,C,1,39.99
2695,28/05/2023,8,C,1,39.99
2696,28/05/2023,1,A,1,89.99
2697,29/05/2023,8,A,1,89.99
2698,29/05/2023,8,A,1,89.99
2699,29/05/2023,8,C,1,39.99
2700,29/05/2023,6,B,1,69.99
2701,29/05/2023,2,A,1,89.99
2702,29/05/2023,2,C,1,39.99
2703,29/05/2023,1,A,1,89.99
2704,29/05/2023,1,A,1,89.99
2705,30/05/2023,7,C,1,39.99
2706,30/05/2023,2,B,1,69.99
2707,30/05/2023,2,B,1,69.99
2708,01/06/2023,9,C,1,39.99
2709,01/06/2023,9,C,1,39.99
2710,01/06/2023,7,A,1,99.99
2711,01/06/2023,7,C,1,39.99
2712,02/06/2023,8,C,1,39.99
2713,02/06/2023,8,C,1,39.99
2714,02/06/2023,8,C,1,39.99
2715,02/06/2023,7,A,1,99.99
2716,02/06/2023,7,A,1,99.99
2717,02/06/2023,2,B,1,69.99
2718,02/06/2023,2,B,1,69.99
2719,02/06/2023,2,B,1,69.99
2720,02/06/2023,2,C,1,39.99
2721,02/06/2023,2,C,1,39.99
2722,02/06/2023,2,C,1,39.99
2723,02/06/2023,2,C,1,39.99
2724,03/06/2023,8,C,1,39.99
2725,03/06/2023,2,A,1,99.99
2726,03/06/2023,2,B,1,69.99
2727,03/06/2023,2,B,1,69.99
2728,03/06/2023,1,C,1,39.99
2729,03/06/2023,1,C,1,39.99
2730,04/06/2023,8,C,1,39.99
2731,04/06/2023,8,C,1,39.99
2732,04/06/2023,8,C,1,39.99
2733,04/06/2023,8,C,1,39.99
2734,04/06/2023,1,B,1,69.99
2735,04/06/2023,1,C,1,39.99
2736,04/06/2023,1,C,1,39.99
2737,05/06/2023,9,A,1,99.99
2738,05/06/2023,8,C,1,39.99
2739,05/06/2023,8,C,1,39.99
2740,05/06/2023,8,C,1,39.99
2741,05/06/2023,4,C,1,39.99
2742,05/06/2023,1,C,1,39.99
2743,06/06/2023,8,A,1,99.99
2744,07/06/2023,8,C,1,39.99
2745,07/06/2023,8,C,1,39.99
2746,07/06/2023,2,C,1,39.99
2747,08/06/2023,8,C,1,39.99
2748,08/06/2023,8,C,1,39.99
2749,08/06/2023,7,C,1,39.99
2750,08/06/2023,7,C,1,39.99
2751,08/06/2023,2,A,1,99.99
2752,08/06/2023,1,B,1,69.99
2753,09/06/2023,8,A,1,99.99
2754,09/06/2023,8,A,1,99.99
2755,09/06/2023,3,C,1,39.99
2756,10/06/2023,9,A,1,99.99
2757,10/06/2023,7,C,1,39.99
2758,11/06/2023,8,A,1,99.99
2759,11/06/2023,8,A,1,99.99
2760,11/06/2023,8,C,1,39.99
2761,11/06/2023,7,B,1,69.99
2762,11/06/2023,5,B,1,69.99
2763,12/06/2023,9,C,1,39.99
2764,12/06/2023,8,C,1,39.99
2765,12/06/2023,8,C,1,39.99
2766,12/06/2023,2,B,1,69.99
2767,12/06/2023,2,C,1,39.99
2768,12/06/2023,2,C,1,39.99
2769,12/06/2023,1,C,1,39.99
2770,13/06/2023,8,C,1,39.99
2771,13/06/2023,8,C,1,39.99
2772,13/06/2023,6,C,1,39.99
2773,14/06/2023,9,A,1,99.99
2774,14/06/2023,9,A,1,99.99
2775,14/06/2023,9,A,1,99.99
2776,14/06/2023,8,C,1,39.99
2777,14/06/2023,3,A,1,99.99
2778,14/06/2023,3,A,1,99.99
2779,14/06/2023,1,A,1,99.99
2780,14/06/2023,1,C,1,39.99
2781,15/06/2023,8,B,1,69.99
2782,15/06/2023,8,C,1,39.99
2783,15/06/2023,2,A,1,99.99
2784,15/06/2023,2,A,1,99.99
2785,16/06/2023,9,A,1,99.99
2786,16/06/2023,9,C,1,39.99
2787,16/06/2023,9,C,1,39.99
2788,16/06/2023,8,C,1,39.99
2789,16/06/2023,8,C,2,79.98
2790,16/06/2023,7,C,1,39.99
2791,16/06/2023,7,C,1,39.99
2792,16/06/2023,2,C,1,39.99
2793,17/06/2023,8,B,1,69.99
2794,17/06/2023,8,C,1,39.99
2795,17/06/2023,8,C,1,39.99
2796,17/06/2023,7,A,1,99.99
2797,17/06/2023,2,C,1,39.99
2798,17/06/2023,2,C,1,39.99
2799,18/06/2023,7,C,1,39.99
2800,18/06/2023,7,C,1,39.99
2801,18/06/2023,2,C,1,39.99
2802,19/06/2023,9,A,1,99.99
2803,19/06/2023,8,A,1,99.99
2804,19/06/2023,8,A,1,99.99
2805,19/06/2023,8,A,1,99.99
2806,19/06/2023,8,C,1,39.99
2807,19/06/2023,7,C,1,39.99
2808,19/06/2023,7,C,1,39.99
2809,19/06/2023,7,C,1,39.99
2810,19/06/2023,2,B,1,69.99
2811,20/06/2023,9,C,1,39.99
2812,20/06/2023,9,C,1,39.99
2813,20/06/2023,8,A,1,99.99
2814,20/06/2023,7,C,1,39.99
2815,20/06/2023,4,C,1,39.99
2816,20/06/2023,3,A,1,99.99
2817,20/06/2023,2,C,1,39.99
2818,20/06/2023,1,C,1,39.99
2819,20/06/2023,1,C,1,39.99
2820,21/06/2023,2,C,1,39.99
2821,21/06/2023,1,A,1,99.99
2822,22/06/2023,8,C,1,39.99
2823,22/06/2023,7,A,1,99.99
2824,22/06/2023,7,A,1,99.99
2825,22/06/2023,7,A,1,99.99
2826,22/06/2023,2,C,1,39.99
2827,23/06/2023,8,C,1,39.99
2828,23/06/2023,8,C,1,39.99
2829,23/06/2023,7,C,1,39.99
2830,23/06/2023,7,C,1,39.99
2831,23/06/2023,2,A,2,199.98
2832,23/06/2023,2,A,1,99.99
2833,23/06/2023,2,C,1,39.99
2834,23/06/2023,2,C,1,39.99
2835,23/06/2023,1,C,1,39.99
2836,23/06/2023,1,C,1,39.99
2837,24/06/2023,7,C,1,39.99
2838,24/06/2023,7,C,1,39.99
2839,24/06/2023,4,A,1,99.99
2840,24/06/2023,3,A,1,99.99
2841,24/06/2023,2,A,1,99.99
2842,25/06/2023,8,A,1,99.99
2843,25/06/2023,7,C,1,39.99
2844,25/06/2023,2,A,1,99.99
2845,25/06/2023,2,A,1,99.99
2846,25/06/2023,2,A,1,99.99
2847,26/06/2023,8,A,-1,-99.99
2848,26/06/2023,7,C,1,39.99
2849,26/06/2023,7,C,1,39.99
2850,26/06/2023,3,C,1,39.99
2851,27/06/2023,3,A,1,99.99
2852,27/06/2023,2,A,1,99.99
2853,27/06/2023,2,A,1,99.99
2854,27/06/2023,2,A,1,99.99
2855,28/06/2023,2,C,1,39.99
2856,28/06/2023,2,C,1,39.99
2857,28/06/2023,1,A,2,199.98
2858,28/06/2023,1,C,1,39.99
2859,28/06/2023,1,C,1,39.99
2860,30/06/2023,8,C,1,39.99
2861,30/06/2023,8,C,1,39.99
2862,30/06/2023,8,C,1,39.99
2863,30/06/2023,2,C,1,39.99
2864,30/06/2023,1,A,1,99.99
2865,30/06/2023,1,C,1,39.99
2866,01/07/2023,9,A,1,99.99
2867,01/07/2023,7,B,1,69.99
2868,01/07/2023,7,B,1,69.99
2869,01/07/2023,2,B,1,69.99
2870,02/07/2023,9,C,1,39.99
2871,02/07/2023,9,C,1,39.99
2872,02/07/2023,8,A,1,99.99
2873,02/07/2023,8,A,1,99.99
2874,02/07/2023,3,A,1,99.99
2875,02/07/2023,2,C,1,39.99
2876,02/07/2023,2,C,1,39.99
2877,02/07/2023,2,C,1,39.99
2878,03/07/2023,8,C,1,39.99
2879,03/07/2023,8,C,1,39.99
2880,03/07/2023,7,A,1,99.99
2881,03/07/2023,7,A,1,99.99
2882,03/07/2023,1,C,1,39.99
2883,04/07/2023,8,C,1,39.99
2884,04/07/2023,6,C,1,39.99
2885,04/07/2023,1,A,1,99.99
2886,04/07/2023,1,A,1,99.99
2887,04/07/2023,1,A,1,99.99
2888,04/07/2023,1,C,1,39.99
2889,05/07/2023,3,A,1,99.99
2890,05/07/2023,2,C,1,39.99
2891,05/07/2023,1,B,1,69.99
2892,06/07/2023,8,C,1,39.99
2893,06/07/2023,8,C,1,39.99
2894,06/07/2023,7,C,1,39.99
2895,07/07/2023,7,A,1,99.99
2896,07/07/2023,2,C,1,39.99
2897,08/07/2023,8,A,1,99.99
2898,08/07/2023,8,A,1,99.99
2899,08/07/2023,8,A,1,99.99
2900,08/07/2023,8,A,1,99.99
2901,08/07/2023,7,A,132,13198.68
2902,08/07/2023,7,B,1,69.99
2903,08/07/2023,7,C,1,39.99
2904,08/07/2023,7,C,1,39.99
2905,08/07/2023,6,C,1,39.99
2906,08/07/2023,2,C,1,39.99
2907,08/07/2023,2,C,1,39.99
2908,08/07/2023,2,C,1,39.99
2909,08/07/2023,2,C,1,39.99
2910,09/07/2023,9,C,1,39.99
2911,09/07/2023,8,A,1,99.99
2912,09/07/2023,8,A,1,99.99
2913,09/07/2023,6,A,1,99.99
2914,09/07/2023,2,A,1,99.99
2915,09/07/2023,2,A,1,99.99
2916,09/07/2023,1,B,1,69.99
2917,09/07/2023,1,C,1,39.99
2918,10/07/2023,9,C,1,39.99
2919,10/07/2023,6,B,1,69.99
2920,11/07/2023,7,A,1,99.99
2921,11/07/2023,7,A,1,99.99
2922,11/07/2023,1,A,1,99.99
2923,11/07/2023,1,A,1,99.99
2924,12/07/2023,7,A,1,99.99
2925,12/07/2023,7,C,1,39.99
2926,12/07/2023,3,C,1,39.99
2927,12/07/2023,1,A,1,99.99
2928,12/07/2023,1,C,1,39.99
2929,13/07/2023,8,A,1,99.99
2930,13/07/2023,8,C,2,79.98
2931,13/07/2023,7,C,1,39.99
2932,13/07/2023,7,C,1,39.99
2933,13/07/2023,5,B,1,69.99
2934,13/07/2023,3,A,1,99.99
2935,13/07/2023,3,A,1,99.99
2936,13/07/2023,2,C,1,39.99
2937,14/07/2023,9,C,1,39.99
2938,14/07/2023,9,C,1,39.99
2939,14/07/2023,9,C,2,79.98
2940,14/07/2023,3,C,1,39.99
2941,14/07/2023,1,C,1,39.99
2942,15/07/2023,8,B,1,69.99
2943,15/07/2023,8,C,1,39.99
2944,15/07/2023,1,C,1,39.99
2945,16/07/2023,1,A,1,99.99
2946,16/07/2023,1,C,1,39.99
2947,17/07/2023,8,C,1,39.99
2948,17/07/2023,7,C,1,39.99
2949,17/07/2023,3,A,1,99.99
2950,18/07/2023,6,A,1,99.99
2951,18/07/2023,6,B,1,69.99
2952,18/07/2023,2,A,1,99.99
2953,18/07/2023,2,C,1,39.99
2954,18/07/2023,2,C,1,39.99
2955,18/07/2023,1,C,1,39.99
2956,18/07/2023,1,C,1,39.99
2957,19/07/2023,8,A,1,99.99
2958,19/07/2023,8,A,1,99.99
2959,19/07/2023,2,C,1,39.99
2960,20/07/2023,9,C,1,39.99
2961,20/07/2023,7,A,1,99.99
2962,20/07/2023,3,A,1,99.99
2963,20/07/2023,3,A,1,99.99
2964,20/07/2023,3,A,1,99.99
2965,20/07/2023,2,C,1,39.99
2966,20/07/2023,1,C,1,39.99
2967,20/07/2023,1,C,1,39.99
2968,21/07/2023,9,B,1,69.99
2969,21/07/2023,7,A,1,99.99
2970,21/07/2023,2,A,1,99.99
2971,21/07/2023,2,B,1,69.99
2972,21/07/2023,1,A,1,99.99
2973,21/07/2023,1,C,1,39.99
2974,22/07/2023,8,A,1,99.99
2975,22/07/2023,8,C,1,39.99
2976,22/07/2023,2,A,1,99.99
2977,22/07/2023,2,A,1,99.99
2978,23/07/2023,9,A,1,99.99
2979,23/07/2023,9,A,1,99.99
2980,23/07/2023,9,A,1,99.99
2981,23/07/2023,1,A,1,99.99
2982,23/07/2023,1,A,1,99.99
2983,24/07/2023,9,A,1,99.99
2984,24/07/2023,8,B,1,69.99
2985,26/07/2023,2,A,1,99.99
2986,27/07/2023,5,C,1,39.99
2987,27/07/2023,5,C,1,39.99
2988,28/07/2023,8,A,1,99.99
2989,28/07/2023,8,A,1,99.99
2990,28/07/2023,1,A,1,99.99
2991,28/07/2023,1,C,1,39.99
2992,28/07/2023,1,C,1,39.99
2993,29/07/2023,7,A,1,99.99
2994,29/07/2023,7,A,1,99.99
2995,29/07/2023,1,C,1,39.99
2996,29/07/2023,1,C,1,39.99
2997,31/07/2023,8,C,1,39.99
2998,31/07/2023,3,C,1,39.99
2999,31/07/2023,2,C,1,39.99
3000,01/08/2023,5,A,1,99.99
3001,01/08/2023,3,A,1,99.99
3002,01/08/2023,2,B,1,79.99
3003,02/08/2023,9,C,1,39.99
3004,02/08/2023,9,C,1,39.99
3005,02/08/2023,7,A,1,99.99
3006,02/08/2023,2,A,2,199.98
3007,02/08/2023,2,C,1,39.99
3008,03/08/2023,7,C,1,39.99
3009,04/08/2023,8,A,1,99.99
3010,05/08/2023,9,A,1,99.99
3011,05/08/2023,9,A,1,99.99
3012,05/08/2023,8,A,1,99.99
3013,05/08/2023,2,C,1,39.99
3014,05/08/2023,2,C,1,39.99
3015,05/08/2023,2,C,1,39.99
3016,05/08/2023,2,C,1,39.99
3017,05/08/2023,2,C,1,39.99
3018,05/08/2023,1,B,1,79.99
3019,06/08/2023,8,C,1,39.99
3020,06/08/2023,8,C,1,39.99
3021,06/08/2023,8,C,1,39.99
3022,06/08/2023,3,A,1,99.99
3023,06/08/2023,3,C,1,39.99
3024,06/08/2023,2,A,1,99.99
3025,06/08/2023,2,A,1,99.99
3026,06/08/2023,2,C,1,39.99
3027,06/08/2023,1,A,1,99.99
3028,07/08/2023,9,A,1,99.99
3029,07/08/2023,2,B,1,79.99
3030,07/08/2023,1,C,1,39.99
3031,08/08/2023,3,C,1,39.99
3032,09/08/2023,8,C,1,39.99
3033,10/08/2023,9,A,1,99.99
3034,10/08/2023,8,B,1,79.99
3035,10/08/2023,7,A,1,99.99
3036,10/08/2023,2,A,1,99.99
3037,10/08/2023,2,C,1,39.99
3038,10/08/2023,2,C,1,39.99
3039,11/08/2023,8,A,1,99.99
3040,11/08/2023,7,C,1,39.99
3041,11/08/2023,2,A,1,99.99
3042,11/08/2023,2,A,1,99.99
3043,12/08/2023,9,C,1,39.99
3044,12/08/2023,9,C,1,39.99
3045,12/08/2023,8,C,1,39.99
3046,12/08/2023,7,A,1,99.99
3047,12/08/2023,7,A,1,99.99
3048,12/08/2023,7,A,1,99.99
3049,12/08/2023,3,A,1,99.99
3050,12/08/2023,3,A,1,99.99
3051,12/08/2023,2,A,1,99.99
3052,12/08/2023,2,A,1,99.99
3053,12/08/2023,1,B,1,79.99
3054,13/08/2023,8,C,1,39.99
3055,13/08/2023,8,C,1,39.99
3056,13/08/2023,8,C,1,39.99
3057,13/08/2023,3,C,1,39.99
3058,13/08/2023,1,A,1,99.99
3059,13/08/2023,1,C,1,39.99
3060,14/08/2023,9,C,1,39.99
3061,14/08/2023,9,C,1,39.99
3062,14/08/2023,8,C,1,39.99
3063,14/08/2023,7,C,1,39.99
3064,14/08/2023,2,B,1,79.99
3065,15/08/2023,1,B,1,79.99
3066,15/08/2023,1,B,1,79.99
3067,16/08/2023,9,C,1,39.99
3068,16/08/2023,9,C,1,39.99
3069,16/08/2023,9,C,1,39.99
3070,16/08/2023,8,A,1,99.99
3071,16/08/2023,8,C,1,39.99
3072,16/08/2023,7,B,1,79.99
3073,16/08/2023,1,A,1,99.99
3074,16/08/2023,1,A,1,99.99
3075,17/08/2023,7,C,1,39.99
3076,17/08/2023,2,A,1,99.99
3077,17/08/2023,2,B,1,79.99
3078,17/08/2023,1,C,1,39.99
3079,17/08/2023,1,C,1,39.99
3080,18/08/2023,8,C,1,39.99
3081,18/08/2023,7,A,1,99.99
3082,18/08/2023,2,A,1,99.99
3083,18/08/2023,2,A,1,99.99
3084,18/08/2023,2,A,1,99.99
3085,18/08/2023,2,A,1,99.99
3086,18/08/2023,1,C,1,39.99
3087,19/08/2023,7,A,1,99.99
3088,19/08/2023,7,A,1,99.99
3089,19/08/2023,6,A,1,99.99
3090,19/08/2023,6,A,1,99.99
3091,19/08/2023,2,C,1,39.99
3092,19/08/2023,2,C,1,39.99
3093,20/08/2023,9,C,1,39.99
3094,20/08/2023,3,C,1,39.99
3095,20/08/2023,1,A,1,99.99
3096,20/08/2023,1,C,2,79.98
3097,21/08/2023,9,C,1,39.99
3098,21/08/2023,9,C,1,39.99
3099,21/08/2023,2,C,2,79.98
3100,22/08/2023,8,A,1,99.99
3101,22/08/2023,7,A,1,99.99
3102,22/08/2023,1,C,1,39.99
3103,22/08/2023,1,C,1,39.99
3104,22/08/2023,1,C,1,39.99
3105,23/08/2023,8,A,1,99.99
3106,23/08/2023,8,A,1,99.99
3107,23/08/2023,7,A,1,99.99
3108,23/08/2023,7,C,1,39.99
3109,23/08/2023,7,C,1,39.99
3110,23/08/2023,2,A,1,99.99
3111,23/08/2023,1,C,1,39.99
3112,24/08/2023,8,C,1,39.99
3113,24/08/2023,7,A,1,99.99
3114,24/08/2023,7,C,1,39.99
3115,24/08/2023,7,C,1,39.99
3116,24/08/2023,1,C,1,39.99
3117,25/08/2023,8,C,2,79.98
3118,26/08/2023,8,C,1,39.99
3119,26/08/2023,7,C,1,39.99
3120,26/08/2023,2,B,2,159.98
3121,26/08/2023,1,A,-1,-99.99
3122,26/08/2023,1,A,1,99.99
3123,26/08/2023,1,C,1,39.99
3124,27/08/2023,6,B,1,79.99
3125,27/08/2023,3,A,1,99.99
3126,27/08/2023,3,A,1,99.99
3127,27/08/2023,3,C,1,39.99
3128,28/08/2023,9,A,1,99.99
3129,28/08/2023,8,C,1,39.99
3130,28/08/2023,8,C,1,39.99
3131,28/08/2023,8,C,3,119.97
3132,28/08/2023,8,C,1,39.99
3133,28/08/2023,7,C,1,39.99
3134,28/08/2023,2,C,1,39.99
3135,28/08/2023,1,C,1,39.99
3136,28/08/2023,1,C,-1,-39.99
3137,29/08/2023,2,C,1,39.99
3138,29/08/2023,2,C,1,39.99
3139,30/08/2023,8,C,1,39.99
3140,30/08/2023,8,C,1,39.99
3141,30/08/2023,2,C,1,39.99
3142,30/08/2023,1,A,1,99.99
3143,30/08/2023,1,A,1,99.99
3144,30/08/2023,1,A,1,99.99
3145,31/08/2023,9,A,1,99.99
3146,31/08/2023,9,A,2,199.98
3147,31/08/2023,9,C,1,39.99
3148,31/08/2023,9,C,1,39.99
3149,31/08/2023,9,C,1,39.99
3150,31/08/2023,8,C,1,39.99
3151,31/08/2023,8,C,1,39.99
3152,31/08/2023,8,C,1,39.99
3153,31/08/2023,8,C,1,39.99
3154,31/08/2023,8,C,1,39.99
3155,31/08/2023,7,C,1,39.99
3156,31/08/2023,1,C,1,39.99
3157,01/09/2023,8,A,1,99.99
3158,01/09/2023,8,B,1,79.99
3159,01/09/2023,8,C,1,39.99
3160,01/09/2023,7,A,1,99.99
3161,01/09/2023,2,C,1,39.99
3162,01/09/2023,2,C,1,39.99
3163,01/09/2023,2,C,1,39.99
3164,01/09/2023,2,C,1,39.99
3165,02/09/2023,9,B,1,79.99
3166,02/09/2023,9,C,1,39.99
3167,02/09/2023,7,C,2,79.98
3168,02/09/2023,7,C,1,39.99
3169,02/09/2023,7,C,1,39.99
3170,02/09/2023,3,C,1,39.99
3171,02/09/2023,1,A,1,99.99
3172,02/09/2023,1,A,1,99.99
3173,02/09/2023,1,A,1,99.99
3174,03/09/2023,9,B,1,79.99
3175,03/09/2023,7,A,1,99.99
3176,03/09/2023,7,A,1,99.99
3177,03/09/2023,7,C,1,39.99
3178,03/09/2023,3,C,1,39.99
3179,03/09/2023,2,A,1,99.99
3180,04/09/2023,8,A,1,99.99
3181,04/09/2023,8,B,1,79.99
3182,04/09/2023,1,C,1,39.99
3183,04/09/2023,1,C,1,39.99
3184,04/09/2023,1,C,1,39.99
3185,05/09/2023,9,B,1,79.99
3186,05/09/2023,8,C,1,39.99
3187,05/09/2023,8,C,1,39.99
3188,05/09/2023,2,C,1,39.99
3189,05/09/2023,1,A,1,99.99
3190,06/09/2023,9,C,1,39.99
3191,06/09/2023,9,C,1,39.99
3192,06/09/2023,9,C,1,39.99
3193,06/09/2023,9,C,1,39.99
3194,06/09/2023,9,C,1,39.99
3195,06/09/2023,2,C,1,39.99
3196,07/09/2023,9,A,1,99.99
3197,07/09/2023,1,A,1,99.99
3198,08/09/2023,9,A,1,99.99
3199,08/09/2023,4,A,1,99.99
3200,08/09/2023,4,C,1,39.99
3201,08/09/2023,3,A,1,99.99
3202,08/09/2023,3,A,1,99.99
3203,08/09/2023,3,C,1,39.99
3204,08/09/2023,3,C,1,39.99
3205,08/09/2023,1,A,1,99.99
3206,08/09/2023,1,A,1,99.99
3207,09/09/2023,8,A,1,99.99
3208,09/09/2023,6,B,1,79.99
3209,09/09/2023,2,C,1,39.99
3210,09/09/2023,1,C,1,39.99
3211,09/09/2023,1,C,1,39.99
3212,09/09/2023,1,C,1,39.99
3213,09/09/2023,1,C,1,39.99
3214,09/09/2023,1,C,1,39.99
3215,10/09/2023,7,A,1,99.99
3216,10/09/2023,3,C,1,39.99
3217,10/09/2023,3,C,1,39.99
3218,10/09/2023,3,C,1,39.99
3219,10/09/2023,3,C,1,39.99
3220,11/09/2023,9,A,1,99.99
3221,11/09/2023,9,A,1,99.99
3222,11/09/2023,9,A,1,99.99
3223,11/09/2023,9,A,1,99.99
3224,11/09/2023,8,B,1,79.99
3225,12/09/2023,9,C,1,39.99
3226,12/09/2023,9,C,1,39.99
3227,12/09/2023,9,C,1,39.99
3228,12/09/2023,9,C,1,39.99
3229,12/09/2023,9,C,1,39.99
3230,12/09/2023,8,C,1,39.99
3231,12/09/2023,8,C,1,39.99
3232,12/09/2023,7,A,1,99.99
3233,12/09/2023,7,A,1,99.99
3234,12/09/2023,2,C,1,39.99
3235,13/09/2023,8,B,1,79.99
3236,13/09/2023,3,C,1,39.99
3237,13/09/2023,2,C,1,39.99
3238,13/09/2023,1,C,1,39.99
3239,13/09/2023,1,C,2,79.98
3240,14/09/2023,8,A,1,99.99
3241,14/09/2023,2,B,1,79.99
3242,14/09/2023,1,C,1,39.99
3243,14/09/2023,1,C,1,39.99
3244,15/09/2023,8,A,1,99.99
3245,15/09/2023,3,A,1,99.99
3246,15/09/2023,2,C,1,39.99
3247,15/09/2023,2,C,1,39.99
3248,16/09/2023,2,B,1,79.99
3249,16/09/2023,2,C,1,39.99
3250,16/09/2023,2,C,1,39.99
3251,16/09/2023,2,C,1,39.99
3252,16/09/2023,1,A,1,99.99
3253,16/09/2023,1,C,1,39.99
3254,16/09/2023,1,C,1,39.99
3255,16/09/2023,1,C,1,39.99
3256,17/09/2023,2,C,1,39.99
3257,17/09/2023,1,A,1,99.99
3258,18/09/2023,8,A,1,99.99
3259,18/09/2023,8,A,2,199.98
3260,18/09/2023,8,B,1,79.99
3261,18/09/2023,8,B,1,79.99
3262,18/09/2023,4,B,1,79.99
3263,18/09/2023,2,A,1,99.99
3264,19/09/2023,2,A,1,99.99
3265,20/09/2023,9,A,1,99.99
3266,20/09/2023,9,A,1,99.99
3267,20/09/2023,9,A,1,99.99
3268,20/09/2023,8,C,1,39.99
3269,20/09/2023,2,A,1,99.99
3270,20/09/2023,1,A,1,99.99
3271,21/09/2023,8,A,1,99.99
3272,21/09/2023,8,C,1,39.99
3273,21/09/2023,7,A,1,99.99
3274,21/09/2023,5,C,1,39.99
3275,21/09/2023,1,B,1,79.99
3276,21/09/2023,1,C,1,39.99
3277,22/09/2023,7,C,1,39.99
3278,22/09/2023,2,C,1,39.99
3279,22/09/2023,2,C,1,39.99
3280,23/09/2023,8,C,1,39.99
3281,23/09/2023,8,C,1,39.99
3282,23/09/2023,8,C,1,39.99
3283,23/09/2023,5,C,1,39.99
3284,23/09/2023,5,C,1,39.99
3285,24/09/2023,9,C,1,39.99
3286,24/09/2023,8,A,1,99.99
3287,24/09/2023,8,A,1,99.99
3288,24/09/2023,8,A,1,99.99
3289,24/09/2023,8,B,1,79.99
3290,24/09/2023,8,C,1,39.99
3291,24/09/2023,8,C,1,39.99
3292,24/09/2023,8,C,1,39.99
3293,24/09/2023,7,A,1,99.99
3294,24/09/2023,7,B,1,79.99
3295,24/09/2023,2,A,1,99.99
3296,24/09/2023,2,C,1,39.99
3297,24/09/2023,2,C,1,39.99
3298,24/09/2023,2,C,1,39.99
3299,25/09/2023,7,B,1,79.99
3300,25/09/2023,1,C,1,39.99
3301,25/09/2023,1,C,1,39.99
3302,25/09/2023,1,C,1,39.99
3303,26/09/2023,9,A,1,99.99
3304,26/09/2023,9,C,1,39.99
3305,26/09/2023,7,C,1,39.99
3306,27/09/2023,9,B,1,79.99
3307,27/09/2023,8,C,1,39.99
3308,27/09/2023,7,A,1,99.99
3309,27/09/2023,1,A,1,99.99
3310,28/09/2023,7,A,1,99.99
3311,28/09/2023,2,C,1,39.99
3312,28/09/2023,2,C,1,39.99
3313,29/09/2023,8,C,1,39.99
3314,29/09/2023,8,C,1,39.99
3315,29/09/2023,7,C,1,39.99
3316,30/09/2023,8,A,1,99.99
3317,30/09/2023,8,A,1,99.99
3318,30/09/2023,8,A,1,99.99
3319,30/09/2023,3,A,1,99.99
3320,30/09/2023,1,A,1,99.99
3321,30/09/2023,1,C,1,39.99
3322,01/10/2023,9,A,1,99.99
3323,01/10/2023,9,A,1,99.99
3324,01/10/2023,9,A,1,99.99
3325,01/10/2023,9,A,1,99.99
3326,01/10/2023,6,B,1,79.99
3327,01/10/2023,3,A,1,99.99
3328,01/10/2023,2,A,1,99.99
3329,01/10/2023,2,B,1,79.99
3330,01/10/2023,2,B,1,79.99
3331,01/10/2023,2,C,1,39.99
3332,01/10/2023,2,C,1,39.99
3333,01/10/2023,2,C,1,39.99
3334,01/10/2023,1,A,1,99.99
3335,01/10/2023,1,C,1,39.99
3336,01/10/2023,1,C,1,39.99
3337,02/10/2023,8,A,1,99.99
3338,02/10/2023,8,A,1,99.99
3339,02/10/2023,2,A,1,99.99
3340,02/10/2023,2,A,1,99.99
3341,02/10/2023,1,B,1,79.99
3342,02/10/2023,1,B,1,79.99
3343,02/10/2023,1,B,1,79.99
3344,03/10/2023,8,A,1,99.99
3345,03/10/2023,8,A,1,99.99
3346,03/10/2023,2,A,1,99.99
3347,03/10/2023,2,A,1,99.99
3348,03/10/2023,2,B,1,79.99
3349,04/10/2023,7,A,1,99.99
3350,04/10/2023,7,A,1,99.99
3351,04/10/2023,3,A,1,99.99
3352,04/10/2023,1,A,1,99.99
3353,04/10/2023,1,A,1,99.99
3354,04/10/2023,1,C,1,39.99
3355,05/10/2023,8,A,1,99.99
3356,05/10/2023,8,A,1,99.99
3357,05/10/2023,8,A,1,99.99
3358,05/10/2023,8,C,1,39.99
3359,05/10/2023,7,A,1,99.99
3360,05/10/2023,6,A,1,99.99
3361,05/10/2023,6,B,1,79.99
3362,05/10/2023,2,A,1,99.99
3363,05/10/2023,2,A,1,99.99
3364,05/10/2023,2,A,1,99.99
3365,05/10/2023,1,A,1,99.99
3366,05/10/2023,1,A,1,99.99
3367,05/10/2023,1,A,1,99.99
3368,05/10/2023,1,B,1,79.99
3369,06/10/2023,9,A,1,99.99
3370,06/10/2023,7,C,1,39.99
3371,06/10/2023,6,B,1,79.99
3372,06/10/2023,3,B,1,79.99
3373,06/10/2023,2,A,1,99.99
3374,06/10/2023,2,A,1,99.99
3375,06/10/2023,1,B,1,79.99
3376,06/10/2023,1,C,1,39.99
3377,07/10/2023,8,A,1,99.99
3378,07/10/2023,7,C,1,39.99
3379,07/10/2023,7,C,1,39.99
3380,07/10/2023,7,C,1,39.99
3381,07/10/2023,6,C,1,39.99
3382,07/10/2023,6,C,1,39.99
3383,07/10/2023,6,C,1,39.99
3384,07/10/2023,2,C,1,39.99
3385,07/10/2023,2,C,1,39.99
3386,07/10/2023,2,C,1,39.99
3387,07/10/2023,2,C,1,39.99
3388,08/10/2023,9,A,1,99.99
3389,08/10/2023,8,A,1,99.99
3390,08/10/2023,8,A,1,99.99
3391,08/10/2023,7,A,1,99.99
3392,08/10/2023,7,A,1,99.99
3393,08/10/2023,7,C,1,39.99
3394,08/10/2023,6,A,1,99.99
3395,08/10/2023,2,A,1,99.99
3396,08/10/2023,2,C,1,39.99
3397,08/10/2023,1,A,1,99.99
3398,09/10/2023,9,C,1,39.99
3399,09/10/2023,8,A,1,99.99
3400,09/10/2023,8,C,1,39.99
3401,09/10/2023,8,C,1,39.99
3402,09/10/2023,8,C,1,39.99
3403,09/10/2023,8,C,1,39.99
3404,09/10/2023,6,A,1,99.99
3405,09/10/2023,6,C,1,39.99
3406,09/10/2023,1,A,1,99.99
3407,09/10/2023,1,B,1,79.99
3408,10/10/2023,9,A,1,99.99
3409,10/10/2023,8,A,1,99.99
3410,10/10/2023,7,A,1,99.99
3411,10/10/2023,7,A,1,99.99
3412,10/10/2023,7,C,1,39.99
3413,10/10/2023,7,C,1,39.99
3414,10/10/2023,3,A,1,99.99
3415,10/10/2023,2,A,1,99.99
3416,10/10/2023,2,C,1,39.99
3417,10/10/2023,1,C,1,39.99
3418,10/10/2023,1,C,1,39.99
3419,11/10/2023,9,B,1,79.99
3420,11/10/2023,8,A,1,99.99
3421,11/10/2023,8,C,1,39.99
3422,11/10/2023,8,C,1,39.99
3423,11/10/2023,7,A,1,99.99
3424,11/10/2023,7,A,1,99.99
3425,11/10/2023,3,C,1,39.99
3426,11/10/2023,2,A,1,99.99
3427,12/10/2023,8,C,1,39.99
3428,12/10/2023,6,A,1,99.99
3429,12/10/2023,2,A,1,99.99
3430,12/10/2023,2,A,1,99.99
3431,12/10/2023,2,C,1,39.99
3432,13/10/2023,8,A,1,99.99
3433,13/10/2023,8,A,1,99.99
3434,13/10/2023,7,A,1,99.99
3435,13/10/2023,7,A,1,99.99
3436,13/10/2023,7,A,1,99.99
3437,13/10/2023,3,B,1,79.99
3438,13/10/2023,2,C,1,39.99
3439,13/10/2023,2,C,1,39.99
3440,13/10/2023,2,C,1,39.99
3441,14/10/2023,8,C,1,39.99
3442,14/10/2023,8,C,1,39.99
3443,14/10/2023,7,C,1,39.99
3444,14/10/2023,7,C,1,39.99
3445,14/10/2023,6,A,1,99.99
3446,14/10/2023,2,A,1,99.99
3447,14/10/2023,2,C,-1,-39.99
3448,14/10/2023,2,C,1,39.99
3449,14/10/2023,1,A,1,99.99
3450,14/10/2023,1,A,1,99.99
3451,14/10/2023,1,A,1,99.99
3452,14/10/2023,1,C,1,39.99
3453,14/10/2023,1,C,1,39.99
3454,15/10/2023,7,B,1,79.99
3455,15/10/2023,5,C,1,39.99
3456,15/10/2023,5,C,1,39.99
3457,15/10/2023,2,C,1,39.99
3458,15/10/2023,2,C,1,39.99
3459,16/10/2023,9,C,1,39.99
3460,16/10/2023,7,C,1,39.99
3461,16/10/2023,7,C,1,39.99
3462,16/10/2023,3,C,1,39.99
3463,16/10/2023,1,C,1,39.99
3464,16/10/2023,1,C,1,39.99
3465,16/10/2023,1,C,1,39.99
3466,16/10/2023,1,C,1,39.99
3467,17/10/2023,8,C,1,39.99
3468,17/10/2023,7,C,1,39.99
3469,17/10/2023,7,C,1,39.99
3470,17/10/2023,2,C,1,39.99
3471,17/10/2023,2,C,1,39.99
3472,18/10/2023,2,C,1,39.99
3473,19/10/2023,8,B,1,79.99
3474,19/10/2023,8,C,1,39.99
3475,19/10/2023,8,C,1,39.99
3476,20/10/2023,8,C,1,39.99
3477,20/10/2023,7,C,1,39.99
3478,20/10/2023,2,C,1,39.99
3479,20/10/2023,2,C,1,39.99
3480,21/10/2023,9,C,1,39.99
3481,21/10/2023,7,B,1,79.99
3482,21/10/2023,2,C,1,39.99
3483,21/10/2023,2,C,1,39.99
3484,21/10/2023,2,C,1,39.99
3485,21/10/2023,1,B,1,79.99
3486,21/10/2023,1,B,1,79.99
3487,22/10/2023,8,B,1,79.99
3488,22/10/2023,8,C,1,39.99
3489,22/10/2023,8,C,1,39.99
3490,22/10/2023,8,C,1,39.99
3491,23/10/2023,9,C,1,39.99
3492,23/10/2023,2,B,1,79.99
3493,23/10/2023,2,C,1,39.99
3494,23/10/2023,1,B,1,79.99
3495,24/10/2023,8,B,1,79.99
3496,24/10/2023,2,B,1,79.99
3497,24/10/2023,2,B,1,79.99
3498,24/10/2023,1,C,1,39.99
3499,24/10/2023,1,C,1,39.99
3500,25/10/2023,8,B,1,79.99
3501,25/10/2023,8,B,1,79.99
3502,25/10/2023,1,B,1,79.99
3503,26/10/2023,8,C,1,39.99
3504,26/10/2023,8,C,1,39.99
3505,26/10/2023,6,C,1,39.99
3506,27/10/2023,2,C,1,39.99
3507,27/10/2023,1,C,1,39.99
3508,28/10/2023,8,B,1,79.99
3509,28/10/2023,8,B,1,79.99
3510,28/10/2023,8,C,1,39.99
3511,28/10/2023,7,B,1,79.99
3512,28/10/2023,1,C,1,39.99
3513,28/10/2023,1,C,1,39.99
3514,29/10/2023,7,C,1,39.99
3515,29/10/2023,2,C,1,39.99
3516,29/10/2023,1,C,1,39.99
3517,29/10/2023,1,C,1,39.99
3518,29/10/2023,1,C,1,39.99
3519,30/10/2023,9,B,1,79.99
3520,30/10/2023,7,B,1,79.99
3521,30/10/2023,7,B,1,79.99
3522,30/10/2023,6,C,1,39.99
3523,30/10/2023,2,C,1,39.99
3524,30/10/2023,2,C,1,39.99
3525,31/10/2023,6,C,1,39.99
3526,31/10/2023,2,C,1,39.99
3527,31/10/2023,2,C,1,39.99
3528,01/11/2023,8,C,1,39.99
3529,01/11/2023,8,C,1,39.99
3530,01/11/2023,7,B,1,79.99
3531,01/11/2023,1,C,2,79.98
3532,02/11/2023,2,C,1,39.99
3533,02/11/2023,2,C,1,39.99
3534,02/11/2023,2,C,1,39.99
3535,03/11/2023,4,C,1,39.99
3536,03/11/2023,3,C,1,39.99
3537,03/11/2023,2,C,1,39.99
3538,03/11/2023,1,C,1,39.99
3539,03/11/2023,1,C,1,39.99
3540,03/11/2023,1,C,1,39.99
3541,04/11/2023,8,B,1,79.99
3542,04/11/2023,8,C,1,39.99
3543,04/11/2023,8,C,1,39.99
3544,04/11/2023,8,C,1,39.99
3545,04/11/2023,8,C,1,39.99
3546,04/11/2023,6,C,1,39.99
3547,04/11/2023,2,C,1,39.99
3548,05/11/2023,8,C,1,39.99
3549,05/11/2023,8,C,1,39.99
3550,05/11/2023,8,C,1,39.99
3551,05/11/2023,8,C,1,39.99
3552,05/11/2023,8,C,1,39.99
3553,05/11/2023,7,B,1,79.99
3554,05/11/2023,2,C,1,39.99
3555,05/11/2023,1,C,1,39.99
3556,06/11/2023,7,C,1,39.99
3557,06/11/2023,7,C,2,79.98
3558,06/11/2023,1,C,1,39.99
3559,07/11/2023,9,C,1,39.99
3560,07/11/2023,8,C,1,39.99
3561,07/11/2023,8,C,1,39.99
3562,07/11/2023,8,C,1,39.99
3563,07/11/2023,3,C,1,39.99
3564,08/11/2023,9,C,1,39.99
3565,08/11/2023,3,C,1,39.99
3566,08/11/2023,2,B,1,79.99
3567,09/11/2023,8,B,1,79.99
3568,09/11/2023,8,C,1,39.99
3569,11/11/2023,7,C,1,39.99
3570,11/11/2023,7,C,1,39.99
3571,11/11/2023,7,C,1,39.99
3572,11/11/2023,2,B,1,79.99
3573,11/11/2023,2,C,1,39.99
3574,11/11/2023,2,C,1,39.99
3575,11/11/2023,2,C,1,39.99
3576,11/11/2023,2,C,1,39.99
3577,11/11/2023,2,C,1,39.99
3578,12/11/2023,8,C,1,39.99
3579,12/11/2023,8,C,1,39.99
3580,12/11/2023,7,C,1,39.99
3581,12/11/2023,1,C,1,39.99
3582,12/11/2023,1,C,1,39.99
3583,13/11/2023,2,C,1,39.99
3584,13/11/2023,2,C,1,39.99
3585,13/11/2023,2,C,1,39.99
3586,13/11/2023,2,C,1,39.99
3587,13/11/2023,1,C,1,39.99
3588,14/11/2023,9,C,1,39.99
3589,14/11/2023,8,C,1,39.99
3590,14/11/2023,8,C,1,39.99
3591,14/11/2023,8,C,1,39.99
3592,14/11/2023,6,B,1,79.99
3593,14/11/2023,6,B,1,79.99
3594,14/11/2023,2,C,1,39.99
3595,15/11/2023,6,C,1,39.99
3596,15/11/2023,6,C,1,39.99
3597,15/11/2023,2,B,1,79.99
3598,16/11/2023,8,C,1,39.99
3599,17/11/2023,9,C,-1,-39.99
3600,17/11/2023,2,C,1,39.99
3601,17/11/2023,2,C,1,39.99
3602,18/11/2023,8,C,1,39.99
3603,18/11/2023,8,C,1,39.99
3604,18/11/2023,4,C,1,39.99
3605,18/11/2023,2,C,1,39.99
3606,18/11/2023,2,C,1,39.99
3607,18/11/2023,2,C,1,39.99
3608,18/11/2023,2,C,1,39.99
3609,18/11/2023,2,C,1,39.99
3610,18/11/2023,1,C,1,39.99
3611,18/11/2023,1,C,1,39.99
3612,19/11/2023,9,C,1,39.99
3613,19/11/2023,2,C,1,39.99
3614,19/11/2023,2,C,1,39.99
3615,19/11/2023,2,C,1,39.99
3616,19/11/2023,2,C,1,39.99
3617,19/11/2023,2,C,1,39.99
3618,19/11/2023,1,B,1,79.99
3619,20/11/2023,9,C,1,39.99
3620,20/11/2023,9,C,1,39.99
3621,20/11/2023,8,C,1,39.99
3622,20/11/2023,8,C,1,39.99
3623,20/11/2023,8,C,1,39.99
3624,20/11/2023,8,C,1,39.99
3625,20/11/2023,8,C,1,39.99
3626,20/11/2023,7,C,1,39.99
3627,20/11/2023,2,C,1,39.99
3628,22/11/2023,7,C,1,39.99
3629,23/11/2023,9,C,1,39.99
3630,23/11/2023,7,C,1,39.99
3631,23/11/2023,2,C,1,39.99
3632,23/11/2023,2,C,1,39.99
3633,24/11/2023,9,C,1,39.99
3634,24/11/2023,3,B,1,79.99
3635,24/11/2023,2,C,1,39.99
3636,24/11/2023,2,C,1,39.99
3637,25/11/2023,8,C,2,79.98
3638,25/11/2023,7,C,1,39.99
3639,26/11/2023,8,C,1,39.99
3640,26/11/2023,7,C,1,39.99
3641,26/11/2023,7,C,1,39.99
3642,26/11/2023,2,C,1,39.99
3643,26/11/2023,1,C,1,39.99
3644,26/11/2023,1,C,1,39.99
3645,26/11/2023,1,C,1,39.99
3646,27/11/2023,3,C,1,39.99
3647,27/11/2023,3,C,1,39.99
3648,27/11/2023,2,C,1,39.99
3649,28/11/2023,9,C,1,39.99
3650,28/11/2023,2,C,1,39.99
3651,28/11/2023,1,C,1,39.99
3652,28/11/2023,1,C,1,39.99
3653,29/11/2023,9,C,1,39.99
3654,29/11/2023,7,C,1,39.99
3655,29/11/2023,7,C,1,39.99
3656,29/11/2023,1,C,1,39.99
3657,29/11/2023,1,C,1,39.99
3658,30/11/2023,9,B,1,79.99
3659,30/11/2023,7,C,1,39.99
3660,30/11/2023,6,C,1,39.99
3661,30/11/2023,4,C,1,39.99
3662,01/12/2023,8,B,1,79.99
3663,01/12/2023,1,C,1,39.99
3664,01/12/2023,1,C,1,39.99
3665,01/12/2023,1,C,-1,-39.99
3666,02/12/2023,9,C,1,39.99
3667,02/12/2023,9,C,1,39.99
3668,02/12/2023,8,C,1,39.99
3669,02/12/2023,1,B,1,79.99
3670,03/12/2023,7,C,1,39.99
3671,03/12/2023,7,C,1,39.99
3672,03/12/2023,7,C,1,39.99
3673,03/12/2023,7,C,1,39.99
3674,03/12/2023,7,C,1,39.99
3675,03/12/2023,2,C,1,39.99
3676,03/12/2023,2,C,1,39.99
3677,03/12/2023,2,C,1,39.99
3678,03/12/2023,2,C,1,39.99
3679,03/12/2023,1,C,1,39.99
3680,04/12/2023,2,C,1,39.99
3681,04/12/2023,1,C,1,39.99
3682,04/12/2023,1,C,1,39.99
3683,04/12/2023,1,C,1,39.99
3684,05/12/2023,2,B,1,79.99
3685,05/12/2023,2,B,1,79.99
3686,06/12/2023,8,C,1,39.99
3687,06/12/2023,8,C,1,39.99
3688,06/12/2023,3,C,1,39.99
3689,06/12/2023,2,B,1,79.99
3690,07/12/2023,9,C,1,39.99
3691,07/12/2023,9,C,1,39.99
3692,07/12/2023,3,C,1,39.99
3693,07/12/2023,2,C,1,39.99
3694,07/12/2023,1,C,1,39.99
3695,08/12/2023,8,B,1,79.99
3696,08/12/2023,8,B,1,79.99
3697,08/12/2023,8,B,1,79.99
3698,08/12/2023,4,C,1,39.99
3699,09/12/2023,9,C,1,39.99
3700,09/12/2023,8,C,1,39.99
3701,09/12/2023,2,B,1,79.99
3702,09/12/2023,2,C,1,39.99
3703,10/12/2023,8,C,1,39.99
3704,10/12/2023,7,B,1,79.99
3705,10/12/2023,7,B,1,79.99
3706,10/12/2023,3,C,1,39.99
3707,10/12/2023,2,B,1,79.99
3708,10/12/2023,2,B,1,79.99
3709,10/12/2023,1,C,1,39.99
3710,10/12/2023,1,C,1,39.99
3711,10/12/2023,1,C,1,39.99
3712,10/12/2023,1,C,1,39.99
3713,10/12/2023,1,C,1,39.99
3714,11/12/2023,1,B,1,79.99
3715,11/12/2023,1,B,1,79.99
3716,12/12/2023,8,C,3,119.97
3717,12/12/2023,8,C,1,39.99
3718,12/12/2023,7,C,1,39.99
3719,12/12/2023,6,C,1,39.99
3720,12/12/2023,6,C,1,39.99
3721,12/12/2023,2,B,1,79.99
3722,12/12/2023,1,C,1,39.99
3723,13/12/2023,9,C,1,39.99
3724,13/12/2023,9,C,1,39.99
3725,13/12/2023,9,C,1,39.99
3726,14/12/2023,9,C,1,39.99
3727,14/12/2023,8,C,1,39.99
3728,14/12/2023,8,C,1,39.99
3729,14/12/2023,1,B,1,79.99
3730,14/12/2023,1,C,1,39.99
3731,14/12/2023,1,C,1,39.99
3732,15/12/2023,7,C,1,39.99
3733,15/12/2023,6,C,1,39.99
3734,16/12/2023,9,C,-1,-39.99
3735,16/12/2023,8,C,1,39.99
3736,17/12/2023,8,C,1,39.99
3737,17/12/2023,7,B,1,79.99
3738,17/12/2023,7,B,1,79.99
3739,17/12/2023,7,C,1,39.99
3740,17/12/2023,7,C,1,39.99
3741,17/12/2023,7,C,1,39.99
3742,17/12/2023,7,C,1,39.99
3743,17/12/2023,2,C,1,39.99
3744,17/12/2023,2,C,-1,-39.99
3745,17/12/2023,1,C,1,39.99
3746,17/12/2023,1,C,1,39.99
3747,18/12/2023,9,C,1,39.99
3748,18/12/2023,9,C,1,39.99
3749,18/12/2023,1,C,1,39.99
3750,18/12/2023,1,C,1,39.99
3751,20/12/2023,8,C,1,39.99
3752,20/12/2023,2,C,1,39.99
3753,20/12/2023,2,C,1,39.99
3754,21/12/2023,2,C,1,39.99
3755,21/12/2023,1,C,1,39.99
3756,21/12/2023,1,C,1,39.99
3757,22/12/2023,8,B,1,79.99
3758,22/12/2023,7,C,1,39.99
3759,22/12/2023,7,C,1,39.99
3760,22/12/2023,7,C,1,39.99
3761,22/12/2023,6,C,1,39.99
3762,22/12/2023,6,C,1,39.99
3763,22/12/2023,3,C,1,39.99
3764,23/12/2023,8,B,1,79.99
3765,23/12/2023,7,C,1,39.99
3766,23/12/2023,2,C,1,39.99
3767,23/12/2023,2,C,1,39.99
3768,23/12/2023,2,C,1,39.99
3769,24/12/2023,9,C,1,39.99
3770,24/12/2023,9,C,1,39.99
3771,24/12/2023,9,C,1,39.99
3772,24/12/2023,8,B,1,79.99
3773,24/12/2023,8,B,1,79.99
3774,24/12/2023,8,C,1,39.99
3775,24/12/2023,7,B,1,79.99
3776,24/12/2023,3,B,1,79.99
3777,24/12/2023,2,B,1,79.99
3778,26/12/2023,8,B,1,79.99
3779,26/12/2023,8,B,1,79.99
3780,26/12/2023,7,C,1,39.99
3781,26/12/2023,7,C,1,39.99
3782,26/12/2023,2,C,-1,-39.99
3783,27/12/2023,7,C,1,39.99
3784,27/12/2023,7,C,1,39.99
3785,27/12/2023,2,B,1,79.99
3786,27/12/2023,2,C,1,39.99
3787,27/12/2023,2,C,1,39.99
3788,27/12/2023,2,C,1,39.99
3789,28/12/2023,8,B,1,79.99
3790,28/12/2023,8,B,1,79.99
3791,28/12/2023,7,C,1,39.99
3792,28/12/2023,7,C,1,39.99
3793,28/12/2023,7,C,1,39.99
3794,28/12/2023,2,C,1,39.99
3795,28/12/2023,2,C,1,39.99
3796,28/12/2023,2,C,1,39.99
3797,29/12/2023,8,C,1,39.99
3798,29/12/2023,8,C,1,39.99
3799,29/12/2023,7,B,1,79.99
3800,29/12/2023,7,B,1,79.99
3801,29/12/2023,7,B,1,79.99
3802,30/12/2023,8,B,1,79.99
3803,30/12/2023,1,C,1,39.99
3804,31/12/2023,9,B,1,79.99
3805,31/12/2023,3,C,1,39.99
3806,31/12/2023,2,B,1,79.99
3807,31/12/2023,2,B,1,79.99
3808,31/12/2023,2,B,1,79.99
3809,31/12/2023,2,B,1,79.99
3810,01/01/2024,8,C,1,39.99
3811,01/01/2024,8,C,1,39.99
3812,02/01/2024,7,C,1,39.99
3813,02/01/2024,3,C,1,39.99
3814,04/01/2024,9,C,2,79.98
3815,04/01/2024,2,C,-1,-39.99
3816,05/01/2024,9,B,1,79.99
3817,05/01/2024,2,C,1,39.99
3818,05/01/2024,2,C,1,39.99
3819,07/01/2024,8,C,1,39.99
3820,07/01/2024,8,C,1,39.99
3821,07/01/2024,7,C,1,39.99
3822,07/01/2024,7,C,1,39.99
3823,07/01/2024,2,C,-1,-39.99
3824,07/01/2024,1,C,1,39.99
3825,07/01/2024,1,C,1,39.99
3826,07/01/2024,1,C,1,39.99
3827,09/01/2024,3,C,1,39.99
3828,10/01/2024,3,C,1,39.99
3829,10/01/2024,2,C,1,39.99
3830,10/01/2024,2,C,1,39.99
3831,10/01/2024,2,C,1,39.99
3832,10/01/2024,2,C,1,39.99
3833,11/01/2024,9,C,1,39.99
3834,11/01/2024,8,C,1,39.99
3835,11/01/2024,7,C,1,39.99
3836,12/01/2024,8,C,1,39.99
3837,12/01/2024,7,C,1,39.99
3838,12/01/2024,2,C,1,39.99
3839,12/01/2024,2,C,1,39.99
3840,13/01/2024,2,C,1,39.99
3841,14/01/2024,8,C,1,39.99
3842,14/01/2024,8,C,1,39.99
3843,14/01/2024,1,C,1,39.99
3844,14/01/2024,1,C,1,39.99
3845,16/01/2024,8,C,1,39.99
3846,16/01/2024,1,C,1,39.99
3847,17/01/2024,8,C,1,39.99
3848,17/01/2024,8,C,1,39.99
3849,17/01/2024,2,C,1,39.99
3850,17/01/2024,1,C,1,39.99
3851,17/01/2024,1,C,1,39.99
3852,18/01/2024,8,C,1,39.99
3853,18/01/2024,8,C,1,39.99
3854,19/01/2024,9,B,1,79.99
3855,19/01/2024,8,C,1,39.99
3856,19/01/2024,8,C,1,39.99
3857,19/01/2024,5,C,1,39.99
3858,20/01/2024,8,C,1,39.99
3859,20/01/2024,8,C,1,39.99
3860,20/01/2024,8,C,1,39.99
3861,20/01/2024,7,C,1,39.99
3862,20/01/2024,3,C,1,39.99
3863,21/01/2024,8,C,1,39.99
3864,21/01/2024,7,C,1,39.99
3865,21/01/2024,7,C,1,39.99
3866,21/01/2024,7,C,1,39.99
3867,21/01/2024,4,B,1,79.99
3868,21/01/2024,4,B,1,79.99
3869,21/01/2024,3,C,1,39.99
3870,21/01/2024,2,C,2,79.98
3871,21/01/2024,1,C,1,39.99
3872,22/01/2024,6,C,1,39.99
3873,25/01/2024,8,B,1,79.99
3874,25/01/2024,2,C,1,39.99
3875,25/01/2024,2,C,1,39.99
3876,26/01/2024,5,C,1,39.99
3877,26/01/2024,5,C,-1,-39.99
3878,26/01/2024,5,C,1,39.99
3879,26/01/2024,3,C,1,39.99
3880,26/01/2024,3,C,1,39.99
3881,27/01/2024,2,C,1,39.99
3882,28/01/2024,9,B,1,79.99
3883,28/01/2024,9,B,1,79.99
3884,28/01/2024,1,C,1,39.99
3885,28/01/2024,1,C,1,39.99
3886,29/01/2024,8,C,1,39.99
3887,29/01/2024,8,C,1,39.99
3888,29/01/2024,8,C,1,39.99
3889,29/01/2024,8,C,1,39.99
3890,30/01/2024,7,B,1,79.99
3891,31/01/2024,2,C,1,39.99
3892,31/01/2024,2,C,1,39.99
3893,31/01/2024,1,C,1,39.99
3894,31/01/2024,1,C,1,39.99
3895,02/02/2024,9,A,1,99.99
3896,02/02/2024,8,A,1,99.99
3897,02/02/2024,8,A,-1,-99.99
3898,03/02/2024,8,C,1,39.99
3899,03/02/2024,8,C,1,39.99
3900,03/02/2024,7,C,1,39.99
3901,03/02/2024,7,C,1,39.99
3902,03/02/2024,4,C,1,39.99
3903,03/02/2024,3,C,1,39.99
3904,03/02/2024,1,B,-1,-79.99
3905,04/02/2024,9,C,1,39.99
3906,04/02/2024,9,C,1,39.99
3907,04/02/2024,8,A,1,99.99
3908,04/02/2024,8,A,1,99.99
3909,04/02/2024,8,A,1,99.99
3910,04/02/2024,4,C,1,39.99
3911,04/02/2024,2,C,1,39.99
3912,04/02/2024,2,C,1,39.99
3913,04/02/2024,2,C,1,39.99
3914,05/02/2024,7,A,1,99.99
3915,05/02/2024,6,B,1,79.99
3916,06/02/2024,7,C,1,39.99
3917,06/02/2024,2,C,1,39.99
3918,07/02/2024,6,A,1,99.99
3919,07/02/2024,1,B,1,79.99
3920,08/02/2024,9,C,1,39.99
3921,08/02/2024,9,C,1,39.99
3922,08/02/2024,9,C,1,39.99
3923,08/02/2024,1,C,1,39.99
3924,09/02/2024,9,B,1,79.99
3925,09/02/2024,8,A,1,99.99
3926,09/02/2024,8,A,1,99.99
3927,09/02/2024,8,C,1,39.99
3928,09/02/2024,8,C,1,39.99
3929,10/02/2024,1,A,1,99.99
3930,11/02/2024,8,C,1,39.99
3931,11/02/2024,8,C,1,39.99
3932,11/02/2024,8,C,1,39.99
3933,11/02/2024,8,C,1,39.99
3934,11/02/2024,7,B,2,159.98
3935,11/02/2024,2,C,1,39.99
3936,12/02/2024,8,A,1,99.99
3937,12/02/2024,8,A,1,99.99
3938,12/02/2024,8,A,1,99.99
3939,12/02/2024,8,B,1,79.99
3940,12/02/2024,1,C,1,39.99
3941,13/02/2024,9,A,1,99.99
3942,13/02/2024,9,A,1,99.99
3943,13/02/2024,9,A,1,99.99
3944,13/02/2024,8,C,1,39.99
3945,13/02/2024,2,C,1,39.99
3946,14/02/2024,8,C,1,39.99
3947,14/02/2024,8,C,1,39.99
3948,15/02/2024,8,A,-1,-99.99
3949,15/02/2024,8,C,2,79.98
3950,15/02/2024,8,C,1,39.99
3951,15/02/2024,1,A,1,99.99
3952,16/02/2024,9,A,1,99.99
3953,16/02/2024,9,C,1,39.99
3954,16/02/2024,8,A,-1,-99.99
3955,16/02/2024,8,A,1,99.99
3956,16/02/2024,8,C,1,39.99
3957,16/02/2024,8,C,1,39.99
3958,16/02/2024,8,C,1,39.99
3959,16/02/2024,8,C,1,39.99
3960,16/02/2024,8,C,1,39.99
3961,17/02/2024,9,B,1,79.99
3962,17/02/2024,8,C,1,39.99
3963,17/02/2024,3,C,1,39.99
3964,17/02/2024,3,C,1,39.99
3965,18/02/2024,9,A,1,99.99
3966,18/02/2024,7,A,1,99.99
3967,18/02/2024,7,C,1,39.99
3968,19/02/2024,9,C,1,39.99
3969,19/02/2024,9,C,1,39.99
3970,19/02/2024,7,C,1,39.99
3971,19/02/2024,3,C,1,39.99
3972,19/02/2024,2,C,1,39.99
3973,20/02/2024,8,C,1,39.99
3974,20/02/2024,7,C,1,39.99
3975,21/02/2024,8,A,1,99.99
3976,21/02/2024,8,A,1,99.99
3977,21/02/2024,6,B,1,79.99
3978,21/02/2024,6,C,1,39.99
3979,21/02/2024,2,A,1,99.99
3980,21/02/2024,1,A,1,99.99
3981,21/02/2024,1,B,1,79.99
3982,21/02/2024,1,C,1,39.99
3983,21/02/2024,1,C,1,39.99
3984,21/02/2024,1,C,1,39.99
3985,22/02/2024,7,C,1,39.99
3986,22/02/2024,7,C,1,39.99
3987,23/02/2024,9,B,1,79.99
3988,23/02/2024,7,A,1,99.99
3989,23/02/2024,5,A,1,99.99
3990,23/02/2024,2,A,1,99.99
3991,23/02/2024,2,C,1,39.99
3992,23/02/2024,2,C,1,39.99
3993,24/02/2024,9,C,1,39.99
3994,24/02/2024,8,A,1,99.99
3995,24/02/2024,1,C,1,39.99
3996,25/02/2024,9,A,1,99.99
3997,25/02/2024,8,B,1,79.99
3998,25/02/2024,7,B,1,79.99
3999,25/02/2024,7,C,1,39.99
4000,25/02/2024,7,C,1,39.99
4001,25/02/2024,3,A,1,99.99
4002,25/02/2024,2,C,1,39.99
4003,26/02/2024,8,A,1,99.99
4004,26/02/2024,2,C,1,39.99
4005,27/02/2024,9,B,1,79.99
4006,27/02/2024,8,A,1,99.99
4007,27/02/2024,8,C,1,39.99
4008,27/02/2024,6,A,1,99.99
4009,27/02/2024,2,A,1,99.99
4010,28/02/2024,8,C,1,39.99
4011,28/02/2024,1,A,1,99.99
4012,28/02/2024,1,A,1,99.99
4013,02/03/2024,9,B,1,79.99
4014,02/03/2024,9,C,1,39.99
4015,02/03/2024,8,C,1,39.99
4016,02/03/2024,7,A,1,99.99
4017,02/03/2024,7,A,1,99.99
4018,02/03/2024,7,A,1,99.99
4019,02/03/2024,7,A,1,99.99
4020,02/03/2024,7,A,1,99.99
4021,02/03/2024,7,A,1,99.99
4022,02/03/2024,7,C,1,39.99
4023,02/03/2024,1,A,1,99.99
4024,02/03/2024,1,C,1,39.99
4025,03/03/2024,5,B,1,79.99
4026,03/03/2024,2,C,1,39.99
4027,03/03/2024,1,C,1,39.99
4028,03/03/2024,1,C,1,39.99
4029,03/03/2024,1,C,1,39.99
4030,04/03/2024,9,A,2,199.98
4031,04/03/2024,9,A,1,99.99
4032,04/03/2024,8,A,1,99.99
4033,04/03/2024,2,A,1,99.99
4034,04/03/2024,2,A,1,99.99
4035,04/03/2024,2,A,1,99.99
4036,04/03/2024,2,A,1,99.99
4037,04/03/2024,2,A,1,99.99
4038,05/03/2024,9,C,1,39.99
4039,05/03/2024,9,C,1,39.99
4040,05/03/2024,9,C,1,39.99
4041,05/03/2024,8,A,1,99.99
4042,05/03/2024,8,A,1,99.99
4043,05/03/2024,8,A,1,99.99
4044,05/03/2024,2,A,1,99.99
4045,05/03/2024,2,A,1,99.99
4046,05/03/2024,1,C,1,39.99
4047,06/03/2024,9,C,1,39.99
4048,06/03/2024,8,A,1,99.99
4049,06/03/2024,8,A,1,99.99
4050,06/03/2024,1,C,1,39.99
4051,06/03/2024,1,C,1,39.99
4052,07/03/2024,7,C,1,39.99
4053,07/03/2024,3,C,1,39.99
4054,07/03/2024,3,C,1,39.99
4055,08/03/2024,9,C,1,39.99
4056,08/03/2024,8,B,1,79.99
4057,08/03/2024,7,C,1,39.99
4058,08/03/2024,3,C,1,39.99
4059,08/03/2024,3,C,1,39.99
4060,08/03/2024,2,C,1,39.99
4061,09/03/2024,8,A,1,99.99
4062,09/03/2024,8,A,1,99.99
4063,09/03/2024,8,C,1,39.99
4064,09/03/2024,8,C,1,39.99
4065,09/03/2024,8,C,1,39.99
4066,09/03/2024,8,C,1,39.99
4067,09/03/2024,7,B,1,79.99
4068,09/03/2024,7,C,1,39.99
4069,09/03/2024,2,A,1,99.99
4070,09/03/2024,2,A,1,99.99
4071,09/03/2024,2,B,1,79.99
4072,10/03/2024,8,A,1,99.99
4073,10/03/2024,1,A,1,99.99
4074,11/03/2024,2,A,1,99.99
4075,11/03/2024,2,C,1,39.99
4076,11/03/2024,2,C,1,39.99
4077,12/03/2024,2,C,1,39.99
4078,13/03/2024,9,A,1,99.99
4079,13/03/2024,9,C,1,39.99
4080,13/03/2024,8,A,1,99.99
4081,13/03/2024,8,A,2,199.98
4082,13/03/2024,8,C,1,39.99
4083,13/03/2024,3,A,1,99.99
4084,14/03/2024,8,C,1,39.99
4085,14/03/2024,8,C,1,39.99
4086,14/03/2024,8,C,1,39.99
4087,14/03/2024,7,A,1,99.99
4088,15/03/2024,9,C,1,39.99
4089,15/03/2024,8,A,1,99.99
4090,15/03/2024,7,A,1,99.99
4091,15/03/2024,7,A,1,99.99
4092,15/03/2024,5,A,1,99.99
4093,15/03/2024,2,C,1,39.99
4094,15/03/2024,2,C,1,39.99
4095,16/03/2024,8,A,1,99.99
4096,16/03/2024,7,C,1,39.99
4097,16/03/2024,7,C,1,39.99
4098,16/03/2024,1,A,1,99.99
4099,17/03/2024,8,A,1,99.99
4100,17/03/2024,8,A,1,99.99
4101,17/03/2024,8,A,1,99.99
4102,17/03/2024,7,C,1,39.99
4103,17/03/2024,7,C,1,39.99
4104,17/03/2024,7,C,1,39.99
4105,17/03/2024,7,C,1,39.99
4106,17/03/2024,7,C,1,39.99
4107,17/03/2024,7,C,1,39.99
4108,17/03/2024,2,A,1,99.99
4109,17/03/2024,2,A,1,99.99
4110,17/03/2024,2,B,1,79.99
4111,18/03/2024,3,C,1,39.99
4112,19/03/2024,8,C,1,39.99
4113,19/03/2024,3,C,1,39.99
4114,20/03/2024,4,A,1,99.99
4115,20/03/2024,4,A,1,99.99
4116,20/03/2024,1,A,1,99.99
4117,20/03/2024,1,C,1,39.99
4118,20/03/2024,1,C,1,39.99
4119,21/03/2024,8,B,1,79.99
4120,21/03/2024,8,C,1,39.99
4121,21/03/2024,8,C,1,39.99
4122,21/03/2024,1,A,1,99.99
4123,22/03/2024,8,C,1,39.99
4124,22/03/2024,7,C,1,39.99
4125,22/03/2024,2,C,1,39.99
4126,23/03/2024,7,A,1,99.99
4127,23/03/2024,7,C,1,39.99
4128,23/03/2024,2,A,1,99.99
4129,23/03/2024,2,A,1,99.99
4130,23/03/2024,2,A,1,99.99
4131,23/03/2024,1,C,1,39.99
4132,24/03/2024,9,A,1,99.99
4133,24/03/2024,9,A,1,99.99
4134,24/03/2024,8,A,1,99.99
4135,24/03/2024,8,A,1,99.99
4136,24/03/2024,2,A,1,99.99
4137,24/03/2024,2,A,1,99.99
4138,25/03/2024,7,A,1,99.99
4139,25/03/2024,1,B,1,79.99
4140,26/03/2024,8,C,1,39.99
4141,26/03/2024,6,C,1,39.99
4142,26/03/2024,3,C,1,39.99
4143,26/03/2024,1,A,1,99.99
4144,27/03/2024,8,A,1,99.99
4145,27/03/2024,2,C,1,39.99
4146,27/03/2024,1,C,1,39.99
4147,27/03/2024,1,C,1,39.99
4148,28/03/2024,8,A,1,99.99
4149,28/03/2024,8,A,1,99.99
4150,28/03/2024,7,C,1,39.99
4151,28/03/2024,2,C,1,39.99
4152,29/03/2024,8,A,1,99.99
4153,29/03/2024,8,A,1,99.99
4154,29/03/2024,8,C,1,39.99
4155,29/03/2024,8,C,1,39.99
4156,29/03/2024,7,A,1,99.99
4157,30/03/2024,8,C,1,39.99
4158,30/03/2024,8,C,1,39.99
4159,30/03/2024,2,C,1,39.99
4160,30/03/2024,1,A,1,99.99
4161,30/03/2024,1,A,1,99.99
4162,30/03/2024,1,A,1,99.99
4163,30/03/2024,1,A,1,99.99
4164,31/03/2024,9,B,1,79.99
4165,31/03/2024,8,A,1,99.99
4166,31/03/2024,8,C,1,39.99
4167,31/03/2024,3,A,1,99.99
4168,31/03/2024,3,C,1,39.99
4169,01/04/2024,8,A,1,99.99
4170,01/04/2024,8,A,1,99.99
4171,01/04/2024,8,A,1,99.99
4172,01/04/2024,7,A,1,99.99
4173,01/04/2024,1,A,1,99.99
4174,01/04/2024,1,B,1,79.99
4175,03/04/2024,9,C,1,39.99
4176,03/04/2024,1,A,1,99.99
4177,04/04/2024,8,A,1,99.99
4178,04/04/2024,8,A,1,99.99
4179,04/04/2024,4,C,1,39.99
4180,04/04/2024,4,C,1,39.99
4181,04/04/2024,4,C,1,39.99
4182,04/04/2024,2,C,1,39.99
4183,04/04/2024,1,C,1,39.99
4184,05/04/2024,3,A,2,199.98
4185,06/04/2024,3,C,1,39.99
4186,07/04/2024,8,A,1,99.99
4187,07/04/2024,6,C,1,39.99
4188,08/04/2024,8,A,1,99.99
4189,08/04/2024,8,B,1,79.99
4190,08/04/2024,8,B,1,79.99
4191,08/04/2024,8,B,1,79.99
4192,08/04/2024,8,C,1,39.99
4193,08/04/2024,7,A,1,99.99
4194,08/04/2024,7,B,1,79.99
4195,08/04/2024,7,B,1,79.99
4196,08/04/2024,5,A,1,99.99
4197,08/04/2024,1,A,1,99.99
4198,09/04/2024,4,C,1,39.99
4199,09/04/2024,4,C,1,39.99
4200,09/04/2024,2,C,2,79.98
4201,09/04/2024,2,C,1,39.99
4202,09/04/2024,1,A,1,99.99
4203,09/04/2024,1,A,1,99.99
4204,09/04/2024,1,A,1,99.99
4205,09/04/2024,1,C,1,39.99
4206,09/04/2024,1,C,1,39.99
4207,10/04/2024,9,C,1,39.99
4208,10/04/2024,8,A,1,99.99
4209,10/04/2024,8,A,1,99.99
4210,10/04/2024,8,A,1,99.99
4211,10/04/2024,7,A,1,99.99
4212,10/04/2024,1,A,1,99.99
4213,11/04/2024,8,C,1,39.99
4214,11/04/2024,8,C,1,39.99
4215,11/04/2024,8,C,1,39.99
4216,11/04/2024,8,C,1,39.99
4217,11/04/2024,7,A,1,99.99
4218,12/04/2024,9,A,1,99.99
4219,12/04/2024,8,C,1,39.99
4220,12/04/2024,7,A,1,99.99
4221,12/04/2024,7,A,1,99.99
4222,13/04/2024,9,C,1,39.99
4223,13/04/2024,8,C,1,39.99
4224,13/04/2024,8,C,1,39.99
4225,13/04/2024,7,A,1,99.99
4226,13/04/2024,7,A,1,99.99
4227,13/04/2024,3,A,1,99.99
4228,13/04/2024,3,A,1,99.99
4229,13/04/2024,1,A,1,99.99
4230,13/04/2024,1,A,1,99.99
4231,14/04/2024,9,C,1,39.99
4232,14/04/2024,8,A,1,99.99
4233,14/04/2024,8,B,1,79.99
4234,14/04/2024,7,C,1,39.99
4235,14/04/2024,7,C,1,39.99
4236,14/04/2024,2,B,1,79.99
4237,14/04/2024,2,C,1,39.99
4238,15/04/2024,8,A,1,99.99
4239,15/04/2024,8,A,1,99.99
4240,15/04/2024,8,A,1,99.99
4241,15/04/2024,8,A,1,99.99
4242,16/04/2024,7,A,1,99.99
4243,16/04/2024,5,C,1,39.99
4244,16/04/2024,4,C,1,39.99
4245,16/04/2024,3,B,1,79.99
4246,16/04/2024,3,B,1,79.99
4247,16/04/2024,2,C,1,39.99
4248,16/04/2024,1,C,1,39.99
4249,17/04/2024,9,C,1,39.99
4250,17/04/2024,3,C,1,39.99
4251,18/04/2024,8,A,1,99.99
4252,18/04/2024,8,A,1,99.99
4253,18/04/2024,7,B,1,79.99
4254,18/04/2024,2,B,1,79.99
4255,18/04/2024,1,C,1,39.99
4256,20/04/2024,7,A,1,99.99
4257,20/04/2024,5,A,1,99.99
4258,20/04/2024,2,A,2,199.98
4259,20/04/2024,1,C,1,39.99
4260,21/04/2024,9,C,1,39.99
4261,21/04/2024,8,A,1,99.99
4262,21/04/2024,8,B,1,79.99
4263,21/04/2024,3,C,-1,-39.99
4264,22/04/2024,8,C,1,39.99
4265,22/04/2024,8,C,1,39.99
4266,22/04/2024,3,C,1,39.99
4267,22/04/2024,3,C,1,39.99
4268,23/04/2024,8,A,1,99.99
4269,23/04/2024,8,A,1,99.99
4270,23/04/2024,8,B,1,79.99
4271,23/04/2024,8,B,1,79.99
4272,23/04/2024,8,C,1,39.99
4273,23/04/2024,1,B,1,79.99
4274,24/04/2024,9,C,1,39.99
4275,24/04/2024,9,C,1,39.99
4276,24/04/2024,2,B,1,79.99
4277,24/04/2024,1,A,1,99.99
4278,25/04/2024,9,C,1,39.99
4279,25/04/2024,1,C,1,39.99
4280,26/04/2024,8,C,1,39.99
4281,26/04/2024,7,B,1,79.99
4282,26/04/2024,2,B,1,79.99
4283,26/04/2024,2,C,1,39.99
4284,26/04/2024,1,C,1,39.99
4285,26/04/2024,1,C,-1,-39.99
4286,26/04/2024,1,C,1,39.99
4287,27/04/2024,8,C,1,39.99
4288,27/04/2024,7,A,1,99.99
4289,27/04/2024,7,A,1,99.99
4290,27/04/2024,2,B,-1,-79.99
4291,27/04/2024,1,C,1,39.99
4292,28/04/2024,2,A,1,99.99
4293,28/04/2024,2,C,1,39.99
4294,28/04/2024,2,C,1,39.99
4295,29/04/2024,7,A,1,99.99
4296,29/04/2024,6,B,1,79.99
4297,30/04/2024,9,A,1,99.99
4298,30/04/2024,8,A,1,99.99
4299,30/04/2024,7,A,1,99.99
4300,30/04/2024,2,C,1,39.99
4301,01/05/2024,3,C,1,39.99
4302,01/05/2024,2,C,1,39.99
4303,01/05/2024,1,A,1,99.99
4304,01/05/2024,1,A,1,99.99
4305,02/05/2024,6,C,1,39.99
4306,02/05/2024,2,B,1,79.99
4307,02/05/2024,1,A,1,99.99
4308,02/05/2024,1,C,1,39.99
4309,02/05/2024,1,C,1,39.99
4310,03/05/2024,8,C,1,39.99
4311,03/05/2024,8,C,1,39.99
4312,03/05/2024,7,A,1,99.99
4313,03/05/2024,2,A,1,99.99
4314,03/05/2024,2,A,1,99.99
4315,03/05/2024,2,A,1,99.99
4316,03/05/2024,2,A,1,99.99
4317,03/05/2024,2,A,1,99.99
4318,03/05/2024,1,A,1,99.99
4319,03/05/2024,1,C,1,39.99
4320,03/05/2024,1,C,2,79.98
4321,03/05/2024,1,C,1,39.99
4322,04/05/2024,9,C,1,39.99
4323,04/05/2024,8,A,1,99.99
4324,04/05/2024,8,A,1,99.99
4325,04/05/2024,8,A,1,99.99
4326,04/05/2024,8,C,1,39.99
4327,04/05/2024,8,C,1,39.99
4328,04/05/2024,4,A,1,99.99
4329,05/05/2024,9,A,1,99.99
4330,05/05/2024,8,B,1,79.99
4331,05/05/2024,8,C,1,39.99
4332,05/05/2024,8,C,1,39.99
4333,05/05/2024,7,B,1,79.99
4334,05/05/2024,3,C,1,39.99
4335,05/05/2024,3,C,1,39.99
4336,05/05/2024,2,A,1,99.99
4337,05/05/2024,2,B,1,79.99
4338,05/05/2024,2,C,1,39.99
4339,05/05/2024,1,C,1,39.99
4340,05/05/2024,1,C,1,39.99
4341,06/05/2024,2,A,1,99.99
4342,08/05/2024,8,C,1,39.99
4343,08/05/2024,3,B,1,79.99
4344,08/05/2024,2,A,1,99.99
4345,09/05/2024,9,C,1,39.99
4346,09/05/2024,8,A,1,99.99
4347,09/05/2024,8,B,1,79.99
4348,09/05/2024,7,A,1,99.99
4349,09/05/2024,7,C,1,39.99
4350,11/05/2024,9,A,1,99.99
4351,11/05/2024,9,C,1,39.99
4352,11/05/2024,1,C,1,39.99
4353,12/05/2024,2,A,1,99.99
4354,12/05/2024,2,A,1,99.99
4355,12/05/2024,2,C,1,39.99
4356,12/05/2024,2,C,1,39.99
4357,12/05/2024,1,B,1,79.99
4358,12/05/2024,1,B,1,79.99
4359,12/05/2024,1,B,1,79.99
4360,12/05/2024,1,C,1,39.99
4361,13/05/2024,9,C,1,39.99
4362,13/05/2024,8,B,1,79.99
4363,13/05/2024,8,C,1,39.99
4364,13/05/2024,7,B,1,79.99
4365,13/05/2024,6,B,1,79.99
4366,13/05/2024,4,C,1,39.99
4367,13/05/2024,2,C,1,39.99
4368,13/05/2024,1,A,1,99.99
4369,14/05/2024,8,C,1,39.99
4370,14/05/2024,3,A,1,99.99
4371,14/05/2024,2,A,1,99.99
4372,15/05/2024,9,A,1,99.99
4373,15/05/2024,7,C,1,39.99
4374,15/05/2024,3,C,1,39.99
4375,15/05/2024,3,C,1,39.99
4376,15/05/2024,2,C,1,39.99
4377,15/05/2024,1,B,1,79.99
4378,16/05/2024,3,A,1,99.99
4379,16/05/2024,3,C,1,39.99
4380,16/05/2024,2,A,1,99.99
4381,16/05/2024,1,A,1,99.99
4382,17/05/2024,8,C,1,39.99
4383,17/05/2024,8,C,1,39.99
4384,17/05/2024,2,B,1,79.99
4385,18/05/2024,8,C,1,39.99
4386,18/05/2024,8,C,1,39.99
4387,18/05/2024,7,A,1,99.99
4388,18/05/2024,7,A,1,99.99
4389,18/05/2024,7,C,1,39.99
4390,18/05/2024,7,C,1,39.99
4391,18/05/2024,1,C,1,39.99
4392,19/05/2024,9,A,1,99.99
4393,19/05/2024,8,A,1,99.99
4394,19/05/2024,8,C,1,39.99
4395,19/05/2024,2,A,1,99.99
4396,19/05/2024,1,A,1,99.99
4397,19/05/2024,1,C,1,39.99
4398,20/05/2024,9,A,1,99.99
4399,20/05/2024,9,A,1,99.99
4400,20/05/2024,9,B,1,79.99
4401,20/05/2024,9,C,1,39.99
4402,21/05/2024,2,A,3,299.97
4403,21/05/2024,2,A,1,99.99
4404,21/05/2024,2,A,1,99.99
4405,21/05/2024,2,B,1,79.99
4406,21/05/2024,2,B,1,79.99
4407,21/05/2024,1,B,1,79.99
4408,21/05/2024,1,C,1,39.99
4409,21/05/2024,1,C,1,39.99
4410,22/05/2024,7,C,1,39.99
4411,23/05/2024,8,C,-1,-39.99
4412,23/05/2024,3,C,1,39.99
4413,23/05/2024,2,A,1,99.99
4414,23/05/2024,2,C,1,39.99
4415,24/05/2024,3,C,1,39.99
4416,24/05/2024,2,B,1,79.99
4417,24/05/2024,2,C,1,39.99
4418,24/05/2024,2,C,1,39.99
4419,24/05/2024,2,C,1,39.99
4420,25/05/2024,3,C,1,39.99
4421,25/05/2024,3,C,1,39.99
4422,25/05/2024,3,C,1,39.99
4423,25/05/2024,3,C,1,39.99
4424,25/05/2024,2,B,1,79.99
4425,25/05/2024,2,B,1,79.99
4426,26/05/2024,1,A,1,99.99
4427,26/05/2024,1,C,1,39.99
4428,26/05/2024,1,C,-1,-39.99
4429,26/05/2024,1,C,1,39.99
4430,27/05/2024,9,A,1,99.99
4431,27/05/2024,8,A,1,99.99
4432,28/05/2024,7,A,1,99.99
4433,28/05/2024,3,A,-1,-99.99
4434,29/05/2024,9,C,1,39.99
4435,29/05/2024,8,A,1,99.99
4436,29/05/2024,2,A,1,99.99
4437,30/05/2024,8,A,1,99.99
4438,30/05/2024,7,A,1,99.99
4439,30/05/2024,7,A,1,99.99
4440,30/05/2024,3,C,1,39.99
4441,31/05/2024,8,A,1,99.99
4442,31/05/2024,8,A,1,99.99
4443,31/05/2024,1,B,1,79.99
4444,31/05/2024,1,B,1,79.99
4445,01/06/2024,4,C,1,29.99
4446,01/06/2024,2,C,1,29.99
4447,02/06/2024,9,C,1,29.99
4448,02/06/2024,9,C,1,29.99
4449,02/06/2024,1,B,1,79.99
4450,02/06/2024,1,C,1,29.99
4451,03/06/2024,8,C,1,29.99
4452,03/06/2024,8,C,1,29.99
4453,03/06/2024,8,C,2,59.98
4454,03/06/2024,4,C,1,29.99
4455,03/06/2024,2,C,1,29.99
4456,03/06/2024,1,B,1,79.99
4457,03/06/2024,1,C,1,29.99
4458,04/06/2024,8,C,1,29.99
4459,04/06/2024,2,C,1,29.99
4460,04/06/2024,2,C,1,29.99
4461,04/06/2024,2,C,1,29.99
4462,04/06/2024,2,C,1,29.99
4463,06/06/2024,8,C,1,29.99
4464,06/06/2024,8,C,1,29.99
4465,06/06/2024,1,C,1,29.99
4466,06/06/2024,1,C,1,29.99
4467,07/06/2024,2,C,1,29.99
4468,08/06/2024,8,C,1,29.99
4469,09/06/2024,8,C,1,29.99
4470,10/06/2024,6,C,1,29.99
4471,10/06/2024,5,C,1,29.99
4472,10/06/2024,5,C,1,29.99
4473,10/06/2024,4,C,1,29.99
4474,10/06/2024,2,C,1,29.99
4475,10/06/2024,1,C,1,29.99
4476,10/06/2024,1,C,1,29.99
4477,11/06/2024,8,C,1,29.99
4478,11/06/2024,8,C,1,29.99
4479,11/06/2024,8,C,1,29.99
4480,11/06/2024,8,C,1,29.99
4481,11/06/2024,8,C,1,29.99
4482,11/06/2024,7,C,1,29.99
4483,12/06/2024,7,C,1,29.99
4484,12/06/2024,2,B,1,79.99
4485,12/06/2024,2,C,-1,-29.99
4486,12/06/2024,2,C,1,29.99
4487,12/06/2024,1,C,1,29.99
4488,12/06/2024,1,C,1,29.99
4489,12/06/2024,1,C,1,29.99
4490,13/06/2024,7,C,1,29.99
4491,13/06/2024,7,C,1,29.99
4492,14/06/2024,1,C,1,29.99
4493,15/06/2024,7,C,1,29.99
4494,15/06/2024,7,C,1,29.99
4495,15/06/2024,1,C,1,29.99
4496,15/06/2024,1,C,1,29.99
4497,16/06/2024,9,C,1,29.99
4498,16/06/2024,9,C,1,29.99
4499,16/06/2024,2,C,1,29.99
4500,16/06/2024,2,C,1,29.99
4501,17/06/2024,9,B,1,79.99
4502,17/06/2024,8,B,1,79.99
4503,17/06/2024,8,B,1,79.99
4504,17/06/2024,8,B,1,79.99
4505,17/06/2024,1,C,1,29.99
4506,17/06/2024,1,C,1,29.99
4507,19/06/2024,9,C,1,29.99
4508,19/06/2024,9,C,1,29.99
4509,19/06/2024,4,C,1,29.99
4510,19/06/2024,1,C,1,29.99
4511,19/06/2024,1,C,1,29.99
4512,19/06/2024,1,C,1,29.99
4513,20/06/2024,8,B,1,79.99
4514,21/06/2024,2,B,1,79.99
4515,21/06/2024,2,C,1,29.99
4516,22/06/2024,8,C,1,29.99
4517,22/06/2024,1,B,1,79.99
4518,22/06/2024,1,C,1,29.99
4519,22/06/2024,1,C,1,29.99
4520,23/06/2024,2,C,2,59.98
4521,24/06/2024,8,C,1,29.99
4522,24/06/2024,8,C,1,29.99
4523,24/06/2024,8,C,1,29.99
4524,24/06/2024,4,C,1,29.99
4525,25/06/2024,7,C,1,29.99
4526,25/06/2024,7,C,1,29.99
4527,26/06/2024,1,C,1,29.99
4528,27/06/2024,8,B,1,79.99
4529,27/06/2024,6,C,1,29.99
4530,27/06/2024,6,C,1,29.99
4531,28/06/2024,7,C,1,29.99
4532,28/06/2024,6,C,1,29.99
4533,28/06/2024,1,C,1,29.99
4534,28/06/2024,1,C,1,29.99
4535,29/06/2024,7,C,1,29.99
4536,29/06/2024,2,C,1,29.99
4537,30/06/2024,7,C,-1,-29.99
4538,30/06/2024,7,C,1,29.99
4539,30/06/2024,7,C,1,29.99
4540,30/06/2024,7,C,1,29.99
4541,30/06/2024,2,C,1,29.99
4542,01/07/2024,7,C,1,29.99
4543,01/07/2024,2,C,1,29.99
4544,02/07/2024,8,B,1,79.99
4545,02/07/2024,8,B,1,79.99
4546,03/07/2024,7,C,1,29.99
4547,03/07/2024,7,C,1,29.99
4548,03/07/2024,6,B,1,79.99
4549,03/07/2024,6,B,1,79.99
4550,04/07/2024,8,B,1,79.99
4551,04/07/2024,6,C,1,29.99
4552,05/07/2024,9,C,1,29.99
4553,06/07/2024,8,C,1,29.99
4554,06/07/2024,8,C,1,29.99
4555,06/07/2024,7,C,1,29.99
4556,06/07/2024,6,C,1,29.99
4557,06/07/2024,1,C,1,29.99
4558,07/07/2024,8,C,1,29.99
4559,07/07/2024,8,C,1,29.99
4560,07/07/2024,1,C,1,29.99
4561,08/07/2024,3,C,1,29.99
4562,08/07/2024,1,C,1,29.99
4563,09/07/2024,8,B,1,79.99
4564,09/07/2024,8,B,1,79.99
4565,09/07/2024,2,B,1,79.99
4566,10/07/2024,8,C,1,29.99
4567,10/07/2024,7,C,1,29.99
4568,10/07/2024,7,C,1,29.99
4569,10/07/2024,6,B,2,159.98
4570,11/07/2024,8,C,1,29.99
4571,11/07/2024,8,C,1,29.99
4572,11/07/2024,8,C,1,29.99
4573,11/07/2024,7,B,1,79.99
4574,12/07/2024,2,C,1,29.99
4575,13/07/2024,8,C,1,29.99
4576,14/07/2024,2,B,1,79.99
4577,15/07/2024,8,C,1,29.99
4578,15/07/2024,8,C,1,29.99
4579,15/07/2024,8,C,1,29.99
4580,17/07/2024,9,B,1,79.99
4581,18/07/2024,2,C,1,29.99
4582,18/07/2024,2,C,2,59.98
4583,18/07/2024,1,C,1,29.99
4584,20/07/2024,8,C,1,29.99
4585,20/07/2024,8,C,1,29.99
4586,21/07/2024,8,B,1,79.99
4587,21/07/2024,8,C,1,29.99
4588,21/07/2024,8,C,1,29.99
4589,21/07/2024,8,C,1,29.99
4590,21/07/2024,8,C,1,29.99
4591,21/07/2024,2,C,1,29.99
4592,21/07/2024,1,C,1,29.99
4593,21/07/2024,1,C,1,29.99
4594,22/07/2024,9,C,1,29.99
4595,22/07/2024,9,C,1,29.99
4596,22/07/2024,8,C,1,29.99
4597,23/07/2024,8,C,1,29.99
4598,26/07/2024,9,C,2,59.98
4599,27/07/2024,9,C,-1,-29.99
4600,27/07/2024,8,C,1,29.99
4601,27/07/2024,7,B,1,79.99
4602,27/07/2024,5,C,1,29.99
4603,27/07/2024,3,C,1,29.99
4604,27/07/2024,3,C,1,29.99
4605,27/07/2024,2,C,1,29.99
4606,28/07/2024,8,B,1,79.99
4607,28/07/2024,1,C,1,29.99
4608,29/07/2024,10,C,1,29.99
4609,29/07/2024,8,B,1,79.99
4610,29/07/2024,8,C,1,29.99
4611,29/07/2024,2,B,1,79.99
4612,30/07/2024,9,B,1,79.99
4613,30/07/2024,7,C,1,29.99
4614,31/07/2024,6,C,1,29.99
4615,31/07/2024,2,C,1,29.99
4616,01/08/2024,7,C,1,39.99
4617,01/08/2024,7,C,1,39.99
4618,01/08/2024,7,C,1,39.99
4619,01/08/2024,2,C,1,39.99
4620,02/08/2024,8,C,1,39.99
4621,02/08/2024,6,B,1,79.99
4622,03/08/2024,7,B,1,79.99
4623,03/08/2024,2,C,1,39.99
4624,04/08/2024,2,B,1,79.99
4625,04/08/2024,2,B,1,79.99
4626,04/08/2024,2,B,1,79.99
4627,04/08/2024,1,C,1,39.99
4628,05/08/2024,2,C,1,39.99
4629,05/08/2024,1,C,1,39.99
4630,05/08/2024,1,C,1,39.99
4631,06/08/2024,8,C,1,39.99
4632,06/08/2024,3,C,1,39.99
4633,06/08/2024,2,C,1,39.99
4634,07/08/2024,8,C,1,39.99
4635,07/08/2024,8,C,1,39.99
4636,07/08/2024,2,C,1,39.99
4637,07/08/2024,2,C,1,39.99
4638,07/08/2024,2,C,1,39.99
4639,07/08/2024,2,C,1,39.99
4640,07/08/2024,2,C,1,39.99
4641,08/08/2024,7,B,1,79.99
4642,09/08/2024,6,C,1,39.99
4643,10/08/2024,2,C,1,39.99
4644,11/08/2024,1,C,1,39.99
4645,11/08/2024,1,C,1,39.99
4646,12/08/2024,9,C,1,39.99
4647,12/08/2024,8,B,1,79.99
4648,14/08/2024,8,C,1,39.99
4649,14/08/2024,1,C,1,39.99
4650,14/08/2024,1,C,1,39.99
4651,14/08/2024,1,C,1,39.99
4652,15/08/2024,9,B,1,79.99
4653,15/08/2024,7,C,1,39.99
4654,16/08/2024,7,C,1,39.99
4655,16/08/2024,2,C,1,39.99
4656,16/08/2024,1,B,1,79.99
4657,17/08/2024,8,B,1,79.99
4658,17/08/2024,3,C,1,39.99
4659,18/08/2024,9,C,1,39.99
4660,18/08/2024,8,C,1,39.99
4661,18/08/2024,8,C,1,39.99
4662,18/08/2024,8,C,1,39.99
4663,19/08/2024,8,C,1,39.99
4664,19/08/2024,7,C,1,39.99
4665,19/08/2024,2,B,1,79.99
4666,19/08/2024,2,C,1,39.99
4667,19/08/2024,2,C,1,39.99
4668,19/08/2024,2,C,3,119.97
4669,20/08/2024,3,C,1,39.99
4670,20/08/2024,2,C,1,39.99
4671,20/08/2024,2,C,1,39.99
4672,20/08/2024,1,C,1,39.99
4673,20/08/2024,1,C,1,39.99
4674,20/08/2024,1,C,1,39.99
4675,20/08/2024,1,C,1,39.99
4676,21/08/2024,2,C,1,39.99
4677,22/08/2024,5,C,1,39.99
4678,22/08/2024,1,C,1,39.99
4679,23/08/2024,3,B,1,79.99
4680,23/08/2024,2,C,1,39.99
4681,23/08/2024,1,C,1,39.99
4682,25/08/2024,6,C,1,39.99
4683,26/08/2024,8,C,1,39.99
4684,26/08/2024,8,C,1,39.99
4685,26/08/2024,7,C,1,39.99
4686,26/08/2024,1,C,1,39.99
4687,26/08/2024,1,C,1,39.99
4688,26/08/2024,1,C,1,39.99
4689,27/08/2024,8,C,1,39.99
4690,27/08/2024,8,C,1,39.99
4691,27/08/2024,8,C,1,39.99
4692,27/08/2024,7,C,1,39.99
4693,28/08/2024,1,C,1,39.99
4694,29/08/2024,8,C,1,39.99
4695,29/08/2024,8,C,1,39.99
4696,29/08/2024,8,C,1,39.99
4697,29/08/2024,7,C,1,39.99
4698,30/08/2024,8,C,1,39.99
4699,30/08/2024,8,C,1,39.99
4700,30/08/2024,3,C,1,39.99
4701,30/08/2024,3,C,1,39.99
4702,01/09/2024,3,C,1,39.99
4703,01/09/2024,2,C,1,39.99
4704,01/09/2024,2,C,1,39.99
4705,01/09/2024,1,C,1,39.99
4706,02/09/2024,2,B,1,79.99
4707,03/09/2024,2,C,1,39.99
4708,03/09/2024,2,C,1,39.99
4709,03/09/2024,2,C,1,39.99
4710,03/09/2024,2,C,1,39.99
4711,04/09/2024,2,C,1,39.99
4712,04/09/2024,2,C,1,39.99
4713,05/09/2024,8,B,1,79.99
4714,05/09/2024,2,B,1,79.99
4715,06/09/2024,2,C,1,39.99
4716,06/09/2024,2,C,1,39.99
4717,07/09/2024,1,C,1,39.99
4718,07/09/2024,1,C,1,39.99
4719,09/09/2024,2,C,1,39.99
4720,09/09/2024,2,C,1,39.99
4721,10/09/2024,8,B,1,79.99
4722,10/09/2024,8,C,1,39.99
4723,10/09/2024,8,C,1,39.99
4724,10/09/2024,2,C,1,39.99
4725,11/09/2024,1,C,1,39.99
4726,12/09/2024,8,C,1,39.99
4727,13/09/2024,2,C,1,39.99
4728,13/09/2024,2,C,1,39.99
4729,14/09/2024,9,C,1,39.99
4730,14/09/2024,8,C,1,39.99
4731,14/09/2024,7,C,1,39.99
4732,15/09/2024,4,C,1,39.99
4733,15/09/2024,1,B,1,79.99
4734,16/09/2024,1,C,1,39.99
4735,17/09/2024,9,B,1,79.99
4736,17/09/2024,9,C,1,39.99
4737,17/09/2024,9,C,2,79.98
4738,17/09/2024,2,C,1,39.99
4739,18/09/2024,7,C,1,39.99
4740,18/09/2024,2,B,1,79.99
4741,18/09/2024,2,B,1,79.99
4742,18/09/2024,1,C,1,39.99
4743,19/09/2024,7,B,1,79.99
4744,19/09/2024,7,C,1,39.99
4745,19/09/2024,6,C,1,39.99
4746,19/09/2024,2,B,1,79.99
4747,19/09/2024,2,B,1,79.99
4748,19/09/2024,2,C,1,39.99
4749,19/09/2024,2,C,1,39.99
4750,19/09/2024,2,C,1,39.99
4751,19/09/2024,1,B,1,79.99
4752,19/09/2024,1,B,1,79.99
4753,21/09/2024,8,C,1,39.99
4754,22/09/2024,9,C,1,39.99
4755,23/09/2024,7,C,1,39.99
4756,24/09/2024,9,B,1,79.99
4757,24/09/2024,3,C,1,39.99
4758,24/09/2024,2,C,1,39.99
4759,24/09/2024,2,C,1,39.99
4760,24/09/2024,2,C,1,39.99
4761,25/09/2024,2,C,1,39.99
4762,25/09/2024,2,C,1,39.99
4763,26/09/2024,7,C,1,39.99
4764,26/09/2024,7,C,1,39.99
4765,27/09/2024,2,C,1,39.99
4766,28/09/2024,7,C,1,39.99
4767,28/09/2024,7,C,1,39.99
4768,28/09/2024,2,C,1,39.99
4769,28/09/2024,2,C,1,39.99
4770,28/09/2024,2,C,1,39.99
4771,28/09/2024,2,C,1,39.99
4772,29/09/2024,1,C,1,39.99
4773,29/09/2024,1,C,1,39.99
4774,30/09/2024,7,C,1,39.99
4775,30/09/2024,7,C,1,39.99
4776,30/09/2024,6,C,1,39.99
4777,30/09/2024,2,C,1,39.99
4778,30/09/2024,1,B,1,79.99
4779,01/10/2024,9,B,1,79.99
4780,01/10/2024,9,C,1,39.99
4781,01/10/2024,7,C,1,39.99
4782,01/10/2024,7,C,1,39.99
4783,01/10/2024,6,C,1,39.99
4784,02/10/2024,10,C,1,39.99
4785,02/10/2024,9,C,1,39.99
4786,02/10/2024,9,C,1,39.99
4787,02/10/2024,8,C,1,39.99
4788,02/10/2024,8,C,1,39.99
4789,02/10/2024,2,B,1,79.99
4790,02/10/2024,2,B,1,79.99
4791,02/10/2024,2,C,1,39.99
4792,02/10/2024,2,C,1,39.99
4793,03/10/2024,2,B,1,79.99
4794,03/10/2024,2,C,1,39.99
4795,03/10/2024,2,C,1,39.99
4796,04/10/2024,2,C,1,39.99
4797,04/10/2024,2,C,1,39.99
4798,04/10/2024,1,C,1,39.99
4799,04/10/2024,1,C,1,39.99
4800,05/10/2024,7,C,1,39.99
4801,05/10/2024,7,C,1,39.99
4802,05/10/2024,7,C,1,39.99
4803,05/10/2024,1,C,1,39.99
4804,06/10/2024,8,C,1,39.99
4805,06/10/2024,8,C,1,39.99
4806,06/10/2024,7,B,1,79.99
4807,06/10/2024,5,C,1,39.99
4808,06/10/2024,1,C,1,39.99
4809,06/10/2024,1,C,1,39.99
4810,07/10/2024,9,C,1,39.99
4811,07/10/2024,9,C,1,39.99
4812,07/10/2024,9,C,1,39.99
4813,07/10/2024,8,B,1,79.99
4814,07/10/2024,7,C,1,39.99
4815,07/10/2024,7,C,1,39.99
4816,07/10/2024,2,B,1,79.99
4817,07/10/2024,2,B,1,79.99
4818,07/10/2024,1,B,1,79.99
4819,07/10/2024,1,B,1,79.99
4820,08/10/2024,8,C,1,39.99
4821,08/10/2024,7,B,1,79.99
4822,09/10/2024,8,B,1,79.99
4823,09/10/2024,8,B,1,79.99
4824,09/10/2024,2,C,1,39.99
4825,09/10/2024,2,C,1,39.99
4826,10/10/2024,8,B,1,79.99
4827,10/10/2024,8,C,1,39.99
4828,10/10/2024,8,C,1,39.99
4829,10/10/2024,7,C,1,39.99
4830,10/10/2024,2,B,1,79.99
4831,11/10/2024,7,B,1,79.99
4832,11/10/2024,2,C,1,39.99
4833,11/10/2024,2,C,1,39.99
4834,11/10/2024,1,C,1,39.99
4835,11/10/2024,1,C,1,39.99
4836,12/10/2024,9,C,1,39.99
4837,12/10/2024,8,B,1,79.99
4838,12/10/2024,8,C,1,39.99
4839,12/10/2024,7,C,1,39.99
4840,12/10/2024,7,C,1,39.99
4841,12/10/2024,2,C,1,39.99
4842,12/10/2024,2,C,1,39.99
4843,13/10/2024,8,C,1,39.99
4844,13/10/2024,8,C,1,39.99
4845,13/10/2024,8,C,1,39.99
4846,13/10/2024,8,C,1,39.99
4847,13/10/2024,7,C,1,39.99
4848,13/10/2024,7,C,1,39.99
4849,13/10/2024,6,C,1,39.99
4850,14/10/2024,8,B,1,79.99
4851,14/10/2024,6,C,1,39.99
4852,14/10/2024,3,C,1,39.99
4853,14/10/2024,2,C,1,39.99
4854,15/10/2024,8,C,1,39.99
4855,15/10/2024,8,C,1,39.99
4856,15/10/2024,2,C,1,39.99
4857,15/10/2024,2,C,1,39.99
4858,15/10/2024,2,C,1,39.99
4859,15/10/2024,1,C,1,39.99
4860,16/10/2024,1,C,1,39.99
4861,17/10/2024,2,B,1,79.99
4862,17/10/2024,1,C,1,39.99
4863,18/10/2024,7,C,1,39.99
4864,18/10/2024,2,B,1,79.99
4865,18/10/2024,1,C,1,39.99
4866,19/10/2024,6,C,1,39.99
4867,19/10/2024,2,B,1,79.99
4868,20/10/2024,8,C,1,39.99
4869,20/10/2024,8,C,1,39.99
4870,20/10/2024,2,C,1,39.99
4871,20/10/2024,2,C,1,39.99
4872,20/10/2024,1,C,1,39.99
4873,20/10/2024,1,C,1,39.99
4874,21/10/2024,7,C,1,39.99
4875,21/10/2024,7,C,1,39.99
4876,21/10/2024,5,C,1,39.99
4877,21/10/2024,5,C,1,39.99
4878,21/10/2024,2,C,1,39.99
4879,21/10/2024,1,C,1,39.99
4880,22/10/2024,9,C,1,39.99
4881,22/10/2024,7,C,1,39.99
4882,22/10/2024,7,C,1,39.99
4883,22/10/2024,2,B,1,79.99
4884,22/10/2024,2,C,1,39.99
4885,22/10/2024,1,C,1,39.99
4886,22/10/2024,1,C,1,39.99
4887,23/10/2024,7,B,3,239.97
4888,23/10/2024,3,C,1,39.99
4889,23/10/2024,2,B,1,79.99
4890,23/10/2024,2,B,1,79.99
4891,23/10/2024,2,C,1,39.99
4892,23/10/2024,1,C,1,39.99
4893,24/10/2024,10,C,1,39.99
4894,24/10/2024,8,C,2,79.98
4895,24/10/2024,6,C,1,39.99
4896,24/10/2024,2,B,1,79.99
4897,24/10/2024,1,C,1,39.99
4898,25/10/2024,8,C,-1,-39.99
4899,25/10/2024,8,C,1,39.99
4900,25/10/2024,4,C,1,39.99
4901,25/10/2024,4,C,1,39.99
4902,26/10/2024,9,B,1,79.99
4903,26/10/2024,8,C,1,39.99
4904,26/10/2024,7,C,1,39.99
4905,26/10/2024,4,C,1,39.99
4906,26/10/2024,1,C,1,39.99
4907,27/10/2024,8,C,1,39.99
4908,27/10/2024,2,C,1,39.99
4909,27/10/2024,2,C,1,39.99
4910,27/10/2024,2,C,1,39.99
4911,27/10/2024,1,C,1,39.99
4912,28/10/2024,4,B,2,159.98
4913,28/10/2024,1,C,1,39.99
4914,29/10/2024,8,C,1,39.99
4915,29/10/2024,8,C,1,39.99
4916,31/10/2024,8,C,1,39.99
4917,31/10/2024,1,C,1,39.99
4918,31/10/2024,1,C,1,39.99
4919,01/11/2024,8,A,1,99.99
4920,01/11/2024,8,A,1,99.99
4921,01/11/2024,3,A,1,99.99
4922,01/11/2024,1,C,1,39.99
4923,01/11/2024,1,C,1,39.99
4924,02/11/2024,8,A,1,99.99
4925,02/11/2024,8,A,1,99.99
4926,02/11/2024,8,A,1,99.99
4927,02/11/2024,8,A,1,99.99
4928,02/11/2024,8,C,1,39.99
4929,02/11/2024,4,C,1,39.99
4930,02/11/2024,3,C,1,39.99
4931,02/11/2024,2,A,1,99.99
4932,02/11/2024,2,A,1,99.99
4933,02/11/2024,2,C,1,39.99
4934,02/11/2024,2,C,1,39.99
4935,02/11/2024,2,C,1,39.99
4936,02/11/2024,1,A,1,99.99
4937,02/11/2024,1,C,1,39.99
4938,03/11/2024,9,A,1,99.99
4939,03/11/2024,9,C,1,39.99
4940,03/11/2024,8,A,1,99.99
4941,03/11/2024,8,A,1,99.99
4942,03/11/2024,8,A,1,99.99
4943,03/11/2024,6,A,1,99.99
4944,03/11/2024,2,A,1,99.99
4945,03/11/2024,2,A,1,99.99
4946,03/11/2024,2,A,1,99.99
4947,03/11/2024,2,A,1,99.99
4948,03/11/2024,1,A,1,99.99
4949,03/11/2024,1,A,1,99.99
4950,03/11/2024,1,A,1,99.99
4951,03/11/2024,1,A,1,99.99
4952,04/11/2024,10,A,1,99.99
4953,04/11/2024,8,A,1,99.99
4954,04/11/2024,8,A,2,199.98
4955,04/11/2024,7,A,1,99.99
4956,04/11/2024,6,C,1,39.99
4957,04/11/2024,5,A,1,99.99
4958,04/11/2024,2,A,1,99.99
4959,04/11/2024,2,A,1,99.99
4960,04/11/2024,1,A,1,99.99
4961,05/11/2024,9,A,1,99.99
4962,05/11/2024,8,C,1,39.99
4963,05/11/2024,7,C,1,39.99
4964,05/11/2024,1,C,1,39.99
4965,06/11/2024,8,A,1,99.99
4966,06/11/2024,7,A,1,99.99
4967,06/11/2024,7,C,1,39.99
4968,06/11/2024,7,C,1,39.99
4969,06/11/2024,2,A,1,99.99
4970,06/11/2024,1,A,1,99.99
4971,07/11/2024,8,A,1,99.99
4972,07/11/2024,6,C,1,39.99
4973,08/11/2024,9,A,1,99.99
4974,08/11/2024,9,A,1,99.99
4975,08/11/2024,8,B,1,79.99
4976,08/11/2024,7,A,1,99.99
4977,08/11/2024,3,C,1,39.99
4978,08/11/2024,3,C,1,39.99
4979,08/11/2024,1,C,1,39.99
4980,09/11/2024,10,A,1,99.99
4981,09/11/2024,7,A,1,99.99
4982,09/11/2024,7,A,1,99.99
4983,09/11/2024,7,A,1,99.99
4984,09/11/2024,7,A,1,99.99
4985,09/11/2024,7,B,1,79.99
4986,09/11/2024,2,A,1,99.99
4987,09/11/2024,2,A,1,99.99
4988,09/11/2024,2,A,1,99.99
4989,09/11/2024,2,A,1,99.99
4990,09/11/2024,1,B,1,79.99
4991,09/11/2024,1,B,1,79.99
4992,10/11/2024,9,C,1,39.99
4993,10/11/2024,9,C,1,39.99
4994,10/11/2024,8,C,1,39.99
4995,10/11/2024,8,C,1,39.99
4996,10/11/2024,8,C,1,39.99
4997,10/11/2024,2,A,1,99.99
4998,10/11/2024,1,A,1,99.99
4999,10/11/2024,1,A,1,99.99
5000,10/11/2024,1,C,1,39.99
5001,10/11/2024,1,C,1,39.99
5002,10/11/2024,1,C,1,39.99
5003,11/11/2024,10,A,1,99.99
5004,11/11/2024,9,C,1,39.99
5005,11/11/2024,9,C,1,39.99
5006,11/11/2024,8,A,1,99.99
5007,11/11/2024,8,A,1,99.99
5008,11/11/2024,8,A,1,99.99
5009,11/11/2024,8,A,1,99.99
5010,11/11/2024,8,A,1,99.99
5011,11/11/2024,8,A,1,99.99
5012,11/11/2024,8,A,1,99.99
5013,11/11/2024,8,A,1,99.99
5014,11/11/2024,8,C,1,39.99
5015,11/11/2024,8,C,1,39.99
5016,11/11/2024,8,C,1,39.99
5017,11/11/2024,8,C,1,39.99
5018,11/11/2024,7,C,1,39.99
5019,11/11/2024,1,B,1,79.99
5020,11/11/2024,1,B,1,79.99
5021,12/11/2024,7,A,1,99.99
5022,12/11/2024,7,C,1,39.99
5023,12/11/2024,7,C,1,39.99
5024,12/11/2024,7,C,1,39.99
5025,12/11/2024,3,A,1,99.99
5026,12/11/2024,3,A,1,99.99
5027,12/11/2024,2,C,1,39.99
5028,12/11/2024,2,C,1,39.99
5029,13/11/2024,8,C,1,39.99
5030,13/11/2024,1,A,1,99.99
5031,13/11/2024,1,A,1,99.99
5032,13/11/2024,1,A,1,99.99
5033,13/11/2024,1,C,1,39.99
5034,14/11/2024,8,C,1,39.99
5035,14/11/2024,7,A,1,99.99
5036,14/11/2024,6,A,1,99.99
5037,14/11/2024,4,A,1,99.99
5038,14/11/2024,3,A,1,99.99
5039,14/11/2024,1,A,1,99.99
5040,15/11/2024,8,A,1,99.99
5041,15/11/2024,8,A,1,99.99
5042,15/11/2024,8,A,1,99.99
5043,15/11/2024,7,A,1,99.99
5044,15/11/2024,6,A,1,99.99
5045,15/11/2024,2,A,1,99.99
5046,15/11/2024,2,A,1,99.99
5047,15/11/2024,1,A,1,99.99
5048,16/11/2024,8,C,1,39.99
5049,16/11/2024,7,A,1,99.99
5050,16/11/2024,7,B,1,79.99
5051,16/11/2024,2,A,1,99.99
5052,16/11/2024,2,B,1,79.99
5053,16/11/2024,2,C,1,39.99
5054,16/11/2024,2,C,1,39.99
5055,16/11/2024,1,A,1,99.99
5056,16/11/2024,1,A,1,99.99
5057,16/11/2024,1,A,1,99.99
5058,16/11/2024,1,A,1,99.99
5059,16/11/2024,1,A,1,99.99
5060,17/11/2024,9,A,1,99.99
5061,17/11/2024,9,A,1,99.99
5062,17/11/2024,9,A,-1,-99.99
5063,17/11/2024,9,A,1,99.99
5064,17/11/2024,9,A,1,99.99
5065,17/11/2024,8,B,1,79.99
5066,17/11/2024,8,C,1,39.99
5067,17/11/2024,8,C,1,39.99
5068,17/11/2024,7,A,1,99.99
5069,17/11/2024,2,C,1,39.99
5070,17/11/2024,2,C,2,79.98
5071,17/11/2024,2,C,1,39.99
5072,17/11/2024,2,C,1,39.99
5073,17/11/2024,1,C,1,39.99
5074,18/11/2024,9,A,1,99.99
5075,18/11/2024,9,A,1,99.99
5076,18/11/2024,9,A,1,99.99
5077,18/11/2024,8,A,1,99.99
5078,18/11/2024,8,A,1,99.99
5079,18/11/2024,8,B,1,79.99
5080,18/11/2024,8,B,1,79.99
5081,18/11/2024,7,C,1,39.99
5082,18/11/2024,7,C,1,39.99
5083,18/11/2024,7,C,1,39.99
5084,18/11/2024,6,A,1,99.99
5085,18/11/2024,2,A,1,99.99
5086,18/11/2024,1,A,1,99.99
5087,18/11/2024,1,C,1,39.99
5088,18/11/2024,1,C,1,39.99
5089,19/11/2024,10,A,1,99.99
5090,19/11/2024,9,A,1,99.99
5091,19/11/2024,8,A,1,99.99
5092,19/11/2024,8,A,1,99.99
5093,19/11/2024,8,A,1,99.99
5094,19/11/2024,7,A,1,99.99
5095,19/11/2024,6,A,1,99.99
5096,19/11/2024,6,C,1,39.99
5097,19/11/2024,2,A,1,99.99
5098,19/11/2024,2,A,1,99.99
5099,19/11/2024,2,B,1,79.99
5100,19/11/2024,2,C,1,39.99
5101,19/11/2024,2,C,1,39.99
5102,19/11/2024,1,C,1,39.99
5103,19/11/2024,1,C,1,39.99
5104,20/11/2024,10,A,1,99.99
5105,20/11/2024,8,C,1,39.99
5106,20/11/2024,6,A,1,99.99
5107,20/11/2024,2,C,1,39.99
5108,20/11/2024,1,A,1,99.99
5109,20/11/2024,1,A,1,99.99
5110,20/11/2024,1,C,1,39.99
5111,20/11/2024,1,C,1,39.99
5112,20/11/2024,1,C,1,39.99
5113,21/11/2024,7,C,1,39.99
5114,21/11/2024,7,C,1,39.99
5115,21/11/2024,7,C,1,39.99
5116,21/11/2024,6,C,1,39.99
5117,21/11/2024,6,C,1,39.99
5118,21/11/2024,2,B,1,79.99
5119,21/11/2024,2,C,1,39.99
5120,21/11/2024,1,A,1,99.99
5121,21/11/2024,1,A,1,99.99
5122,22/11/2024,9,A,1,99.99
5123,22/11/2024,9,A,1,99.99
5124,22/11/2024,9,C,1,39.99
5125,22/11/2024,8,A,1,99.99
5126,22/11/2024,8,A,1,99.99
5127,22/11/2024,8,C,1,39.99
5128,22/11/2024,8,C,1,39.99
5129,22/11/2024,7,B,1,79.99
5130,22/11/2024,5,A,1,99.99
5131,22/11/2024,2,A,1,99.99
5132,22/11/2024,2,A,1,99.99
5133,22/11/2024,2,A,1,99.99
5134,22/11/2024,2,C,1,39.99
5135,22/11/2024,2,C,1,39.99
5136,22/11/2024,2,C,1,39.99
5137,22/11/2024,2,C,1,39.99
5138,22/11/2024,2,C,1,39.99
5139,22/11/2024,2,C,1,39.99
5140,22/11/2024,1,A,1,99.99
5141,22/11/2024,1,C,1,39.99
5142,23/11/2024,9,A,1,99.99
5143,23/11/2024,8,A,1,99.99
5144,23/11/2024,8,A,1,99.99
5145,23/11/2024,8,C,1,39.99
5146,23/11/2024,2,A,1,99.99
5147,23/11/2024,2,A,1,99.99
5148,23/11/2024,2,A,1,99.99
5149,23/11/2024,2,A,1,99.99
5150,24/11/2024,10,C,1,39.99
5151,24/11/2024,2,A,1,99.99
5152,24/11/2024,2,A,1,99.99
5153,24/11/2024,2,A,1,99.99
5154,24/11/2024,2,C,1,39.99
5155,24/11/2024,1,A,1,99.99
5156,24/11/2024,1,A,2,199.98
5157,25/11/2024,8,C,1,39.99
5158,25/11/2024,7,A,1,99.99
5159,25/11/2024,7,A,1,99.99
5160,25/11/2024,7,A,1,99.99
5161,25/11/2024,7,A,1,99.99
5162,25/11/2024,7,A,1,99.99
5163,25/11/2024,7,A,1,99.99
5164,25/11/2024,6,A,1,99.99
5165,25/11/2024,6,A,1,99.99
5166,26/11/2024,9,C,1,39.99
5167,26/11/2024,8,A,1,99.99
5168,26/11/2024,8,C,1,39.99
5169,26/11/2024,8,C,1,39.99
5170,26/11/2024,7,A,1,99.99
5171,26/11/2024,7,A,1,99.99
5172,26/11/2024,5,A,1,99.99
5173,26/11/2024,3,A,1,99.99
5174,26/11/2024,3,A,1,99.99
5175,27/11/2024,8,A,1,99.99
5176,27/11/2024,8,A,1,99.99
5177,27/11/2024,7,A,1,99.99
5178,27/11/2024,2,C,1,39.99
5179,27/11/2024,1,A,1,99.99
5180,28/11/2024,8,A,1,99.99
5181,28/11/2024,7,A,1,99.99
5182,28/11/2024,7,A,1,99.99
5183,28/11/2024,3,C,-1,-39.99
5184,28/11/2024,2,A,1,99.99
5185,28/11/2024,2,A,1,99.99
5186,28/11/2024,2,A,1,99.99
5187,28/11/2024,1,C,1,39.99
5188,29/11/2024,9,C,1,39.99
5189,29/11/2024,3,A,1,99.99
5190,29/11/2024,3,C,1,39.99
5191,29/11/2024,3,C,1,39.99
5192,29/11/2024,3,C,1,39.99
5193,29/11/2024,3,C,1,39.99
5194,29/11/2024,1,A,1,99.99
5195,29/11/2024,1,A,1,99.99
5196,29/11/2024,1,C,1,39.99
5197,30/11/2024,9,A,1,99.99
5198,30/11/2024,9,A,1,99.99
5199,30/11/2024,9,A,1,99.99
5200,30/11/2024,9,C,1,39.99
5201,30/11/2024,8,A,1,99.99
5202,30/11/2024,8,A,1,99.99
5203,30/11/2024,8,A,1,99.99
5204,30/11/2024,8,A,1,99.99
5205,30/11/2024,7,A,1,99.99
5206,30/11/2024,7,B,1,79.99
5207,30/11/2024,2,A,1,99.99
5208,30/11/2024,2,A,1,99.99
5209,30/11/2024,2,A,1,99.99
5210,30/11/2024,2,B,1,79.99
5211,30/11/2024,2,C,1,39.99
5212,01/12/2024,8,A,1,99.99
5213,01/12/2024,8,A,1,99.99
5214,01/12/2024,8,B,1,79.99
5215,01/12/2024,7,B,1,79.99
5216,01/12/2024,3,A,1,99.99
5217,01/12/2024,2,A,1,99.99
5218,01/12/2024,2,A,1,99.99
5219,01/12/2024,1,A,1,99.99
5220,01/12/2024,1,C,1,39.99
5221,01/12/2024,1,C,1,39.99
5222,02/12/2024,9,A,1,99.99
5223,02/12/2024,8,C,1,39.99
5224,02/12/2024,8,C,1,39.99
5225,02/12/2024,7,B,1,79.99
5226,02/12/2024,7,B,1,79.99
5227,02/12/2024,7,B,1,79.99
5228,02/12/2024,6,A,1,99.99
5229,02/12/2024,3,C,1,39.99
5230,02/12/2024,2,A,1,99.99
5231,02/12/2024,1,C,1,39.99
5232,02/12/2024,1,C,1,39.99
5233,03/12/2024,9,B,1,79.99
5234,03/12/2024,8,A,1,99.99
5235,03/12/2024,7,B,1,79.99
5236,03/12/2024,2,A,1,99.99
5237,03/12/2024,2,B,1,79.99
5238,03/12/2024,1,A,1,99.99
5239,04/12/2024,8,A,1,99.99
5240,04/12/2024,8,A,1,99.99
5241,04/12/2024,8,A,1,99.99
5242,04/12/2024,8,C,1,39.99
5243,04/12/2024,8,C,1,39.99
5244,04/12/2024,7,A,1,99.99
5245,04/12/2024,7,A,1,99.99
5246,04/12/2024,2,C,1,39.99
5247,04/12/2024,2,C,1,39.99
5248,04/12/2024,2,C,1,39.99
5249,04/12/2024,1,A,1,99.99
5250,04/12/2024,1,A,1,99.99
5251,04/12/2024,1,A,1,99.99
5252,04/12/2024,1,A,1,99.99
5253,04/12/2024,1,C,1,39.99
5254,05/12/2024,8,A,1,99.99
5255,05/12/2024,8,A,1,99.99
5256,05/12/2024,8,A,1,99.99
5257,05/12/2024,8,C,1,39.99
5258,05/12/2024,7,A,1,99.99
5259,05/12/2024,7,A,1,99.99
5260,05/12/2024,7,C,1,39.99
5261,05/12/2024,1,B,1,79.99
5262,06/12/2024,8,A,1,99.99
5263,06/12/2024,8,B,1,79.99
5264,06/12/2024,7,C,1,39.99
5265,06/12/2024,6,C,1,39.99
5266,06/12/2024,4,A,1,99.99
5267,06/12/2024,4,C,1,39.99
5268,06/12/2024,3,C,1,39.99
5269,06/12/2024,3,C,1,39.99
5270,06/12/2024,3,C,1,39.99
5271,06/12/2024,1,A,2,199.98
5272,06/12/2024,1,A,1,99.99
5273,07/12/2024,8,A,1,99.99
5274,07/12/2024,8,A,1,99.99
5275,07/12/2024,7,A,1,99.99
5276,07/12/2024,7,A,1,99.99
5277,07/12/2024,6,B,1,79.99
5278,07/12/2024,3,C,1,39.99
5279,07/12/2024,2,A,1,99.99
5280,07/12/2024,2,A,1,99.99
5281,07/12/2024,2,C,1,39.99
5282,07/12/2024,1,A,1,99.99
5283,07/12/2024,1,A,1,99.99
5284,07/12/2024,1,A,1,99.99
5285,08/12/2024,7,C,1,39.99
5286,08/12/2024,7,C,1,39.99
5287,08/12/2024,4,C,1,39.99
5288,08/12/2024,2,A,1,99.99
5289,08/12/2024,2,C,1,39.99
5290,08/12/2024,2,C,1,39.99
5291,08/12/2024,1,B,1,79.99
5292,09/12/2024,8,C,1,39.99
5293,09/12/2024,7,C,1,39.99
5294,09/12/2024,7,C,1,39.99
5295,09/12/2024,3,A,1,99.99
5296,09/12/2024,3,C,1,39.99
5297,09/12/2024,2,A,1,99.99
5298,09/12/2024,2,A,1,99.99
5299,09/12/2024,2,A,1,99.99
5300,09/12/2024,2,C,1,39.99
5301,10/12/2024,8,B,1,79.99
5302,10/12/2024,3,C,1,39.99
5303,10/12/2024,2,A,1,99.99
5304,11/12/2024,8,B,1,79.99
5305,11/12/2024,7,A,1,99.99
5306,11/12/2024,7,A,1,99.99
5307,11/12/2024,3,B,1,79.99
5308,12/12/2024,9,A,1,99.99
5309,12/12/2024,8,A,1,99.99
5310,12/12/2024,7,C,1,39.99
5311,12/12/2024,7,C,1,39.99
5312,12/12/2024,3,A,1,99.99
5313,12/12/2024,2,A,1,99.99
5314,12/12/2024,1,C,1,39.99
5315,13/12/2024,8,A,1,99.99
5316,13/12/2024,7,A,1,99.99
5317,13/12/2024,7,A,1,99.99
5318,13/12/2024,7,A,1,99.99
5319,13/12/2024,3,C,1,39.99
5320,13/12/2024,2,C,1,39.99
5321,13/12/2024,2,C,1,39.99
5322,13/12/2024,2,C,1,39.99
5323,13/12/2024,1,A,1,99.99
5324,13/12/2024,1,C,1,39.99
5325,13/12/2024,1,C,1,39.99
5326,13/12/2024,1,C,1,39.99
5327,13/12/2024,1,C,1,39.99
5328,14/12/2024,8,A,1,99.99
5329,14/12/2024,8,A,1,99.99
5330,14/12/2024,8,A,1,99.99
5331,14/12/2024,8,B,1,79.99
5332,14/12/2024,8,C,1,39.99
5333,14/12/2024,8,C,1,39.99
5334,14/12/2024,6,C,1,39.99
5335,14/12/2024,3,A,1,99.99
5336,15/12/2024,8,C,1,39.99
5337,15/12/2024,4,A,1,99.99
5338,15/12/2024,2,A,1,99.99
5339,15/12/2024,2,A,1,99.99
5340,15/12/2024,2,A,1,99.99
5341,15/12/2024,2,C,1,39.99
5342,15/12/2024,2,C,1,39.99
5343,15/12/2024,1,A,1,99.99
5344,16/12/2024,10,A,1,99.99
5345,16/12/2024,9,A,1,99.99
5346,16/12/2024,7,A,1,99.99
5347,16/12/2024,7,A,1,99.99
5348,16/12/2024,7,A,1,99.99
5349,16/12/2024,3,A,1,99.99
5350,16/12/2024,2,A,1,99.99
5351,16/12/2024,2,C,1,39.99
5352,16/12/2024,1,C,1,39.99
5353,16/12/2024,1,C,1,39.99
5354,16/12/2024,1,C,-1,-39.99
5355,17/12/2024,7,A,1,99.99
5356,17/12/2024,7,A,1,99.99
5357,17/12/2024,3,C,1,39.99
5358,17/12/2024,2,A,1,99.99
5359,17/12/2024,2,A,1,99.99
5360,17/12/2024,2,C,1,39.99
5361,17/12/2024,1,A,1,99.99
5362,17/12/2024,1,A,1,99.99
5363,17/12/2024,1,A,1,99.99
5364,17/12/2024,1,C,1,39.99
5365,17/12/2024,1,C,1,39.99
5366,18/12/2024,10,A,1,99.99
5367,18/12/2024,8,A,1,99.99
5368,18/12/2024,7,A,1,99.99
5369,18/12/2024,7,A,-1,-99.99
5370,18/12/2024,7,C,1,39.99
5371,18/12/2024,7,C,1,39.99
5372,18/12/2024,3,C,1,39.99
5373,18/12/2024,2,A,1,99.99
5374,18/12/2024,2,C,1,39.99
5375,19/12/2024,9,C,1,39.99
5376,19/12/2024,9,C,1,39.99
5377,19/12/2024,9,C,1,39.99
5378,19/12/2024,4,A,1,99.99
5379,19/12/2024,2,A,1,99.99
5380,19/12/2024,2,A,1,99.99
5381,19/12/2024,1,A,1,99.99
5382,20/12/2024,8,C,1,39.99
5383,20/12/2024,8,C,1,39.99
5384,20/12/2024,3,C,1,39.99
5385,20/12/2024,2,B,1,79.99
5386,20/12/2024,2,C,1,39.99
5387,20/12/2024,1,A,1,99.99
5388,20/12/2024,1,A,1,99.99
5389,21/12/2024,10,C,1,39.99
5390,21/12/2024,9,B,1,79.99
5391,21/12/2024,9,C,1,39.99
5392,21/12/2024,7,A,1,99.99
5393,21/12/2024,3,A,1,99.99
5394,21/12/2024,3,A,1,99.99
5395,22/12/2024,9,A,1,99.99
5396,22/12/2024,8,A,1,99.99
5397,22/12/2024,7,C,1,39.99
5398,22/12/2024,7,C,1,39.99
5399,22/12/2024,3,C,1,39.99
5400,22/12/2024,3,C,1,39.99
5401,22/12/2024,3,C,1,39.99
5402,22/12/2024,1,C,1,39.99
5403,23/12/2024,9,C,1,39.99
5404,23/12/2024,8,A,1,99.99
5405,23/12/2024,7,A,1,99.99
5406,23/12/2024,7,A,1,99.99
5407,23/12/2024,7,A,1,99.99
5408,23/12/2024,7,A,1,99.99
5409,23/12/2024,2,C,1,39.99
5410,23/12/2024,2,C,1,39.99
5411,23/12/2024,2,C,1,39.99
5412,23/12/2024,2,C,1,39.99
5413,23/12/2024,2,C,1,39.99
5414,23/12/2024,2,C,1,39.99
5415,23/12/2024,1,A,1,99.99
5416,23/12/2024,1,A,1,99.99
5417,23/12/2024,1,C,1,39.99
5418,23/12/2024,1,C,1,39.99
5419,24/12/2024,9,A,1,99.99
5420,24/12/2024,9,A,1,99.99
5421,24/12/2024,9,A,1,99.99
5422,24/12/2024,9,A,1,99.99
5423,24/12/2024,8,A,1,99.99
5424,24/12/2024,8,A,1,99.99
5425,24/12/2024,8,C,1,39.99
5426,24/12/2024,8,C,1,39.99
5427,24/12/2024,7,A,1,99.99
5428,24/12/2024,6,C,1,39.99
5429,24/12/2024,3,C,1,39.99
5430,24/12/2024,2,B,1,79.99
5431,24/12/2024,2,B,1,79.99
5432,24/12/2024,2,C,1,39.99
5433,24/12/2024,2,C,1,39.99
5434,26/12/2024,9,C,1,39.99
5435,26/12/2024,9,C,1,39.99
5436,26/12/2024,9,C,1,39.99
5437,26/12/2024,2,C,1,39.99
5438,26/12/2024,2,C,1,39.99
5439,26/12/2024,1,A,1,99.99
5440,26/12/2024,1,A,1,99.99
5441,26/12/2024,1,C,1,39.99
5442,26/12/2024,1,C,1,39.99
5443,27/12/2024,8,A,1,99.99
5444,27/12/2024,5,A,1,99.99
5445,27/12/2024,2,A,1,99.99
5446,27/12/2024,2,B,1,79.99
5447,27/12/2024,1,B,1,79.99
5448,28/12/2024,9,A,1,99.99
5449,28/12/2024,8,A,1,99.99
5450,28/12/2024,8,A,1,99.99
5451,28/12/2024,7,C,1,39.99
5452,28/12/2024,7,C,1,39.99
5453,28/12/2024,3,B,2,159.98
5454,28/12/2024,2,A,1,99.99
5455,28/12/2024,2,A,1,99.99
5456,28/12/2024,2,A,1,99.99
5457,28/12/2024,2,C,1,39.99
5458,28/12/2024,2,C,1,39.99
5459,28/12/2024,1,B,1,79.99
5460,28/12/2024,1,B,1,79.99
5461,29/12/2024,9,A,1,99.99
5462,29/12/2024,9,A,1,99.99
5463,29/12/2024,9,A,1,99.99
5464,29/12/2024,8,A,1,99.99
5465,29/12/2024,1,C,1,39.99
5466,29/12/2024,1,C,1,39.99
5467,29/12/2024,1,C,1,39.99
5468,30/12/2024,8,B,1,79.99
5469,30/12/2024,8,C,1,39.99
5470,30/12/2024,8,C,1,39.99
5471,30/12/2024,8,C,1,39.99
5472,30/12/2024,2,A,1,99.99
5473,30/12/2024,2,C,1,39.99
5474,30/12/2024,2,C,1,39.99
5475,30/12/2024,2,C,1,39.99
5476,30/12/2024,2,C,1,39.99
5477,30/12/2024,2,C,1,39.99
5478,30/12/2024,1,A,1,99.99
5479,30/12/2024,1,A,1,99.99
5480,30/12/2024,1,A,1,99.99
5481,30/12/2024,1,A,1,99.99
5482,30/12/2024,1,B,1,79.99
5483,30/12/2024,1,C,1,39.99
5484,30/12/2024,1,C,1,39.99
5485,30/12/2024,1,C,1,39.99
5486,31/12/2024,9,A,1,99.99
5487,31/12/2024,9,C,1,39.99
5488,31/12/2024,7,A,1,99.99
5489,31/12/2024,5,C,1,39.99
5490,31/12/2024,3,B,1,79.99
5491,31/12/2024,1,C,1,39.99
5492,01/01/2025,9,C,1,39.99
5493,01/01/2025,6,C,1,39.99
5494,01/01/2025,6,C,1,39.99
5495,01/01/2025,2,C,1,39.99
5496,01/01/2025,1,A,1,99.99
5497,01/01/2025,1,A,1,99.99
5498,01/01/2025,1,A,1,99.99
5499,02/01/2025,6,B,1,79.99
5500,02/01/2025,6,B,-1,-79.99
5501,02/01/2025,3,C,1,39.99
5502,02/01/2025,1,C,1,39.99
5503,03/01/2025,9,C,1,39.99
5504,03/01/2025,8,A,1,99.99
5505,03/01/2025,3,A,1,99.99
5506,03/01/2025,2,A,1,99.99
5507,03/01/2025,2,A,1,99.99
5508,03/01/2025,2,B,1,79.99
5509,03/01/2025,2,C,1,39.99
5510,03/01/2025,1,A,1,99.99
5511,04/01/2025,5,A,1,99.99
5512,04/01/2025,3,A,1,99.99
5513,04/01/2025,2,B,1,79.99
5514,04/01/2025,1,A,1,99.99
5515,04/01/2025,1,C,1,39.99
5516,05/01/2025,9,C,1,39.99
5517,05/01/2025,9,C,1,39.99
5518,05/01/2025,8,B,1,79.99
5519,05/01/2025,8,C,1,39.99
5520,05/01/2025,8,C,1,39.99
5521,05/01/2025,8,C,1,39.99
5522,05/01/2025,7,C,1,39.99
5523,05/01/2025,6,A,1,99.99
5524,05/01/2025,6,A,1,99.99
5525,05/01/2025,2,A,1,99.99
5526,05/01/2025,2,C,1,39.99
5527,06/01/2025,7,A,1,99.99
5528,06/01/2025,7,C,1,39.99
5529,06/01/2025,4,A,1,99.99
5530,06/01/2025,4,A,1,99.99
5531,07/01/2025,8,A,1,99.99
5532,07/01/2025,8,A,1,99.99
5533,07/01/2025,8,B,1,79.99
5534,07/01/2025,8,C,1,39.99
5535,07/01/2025,7,A,1,99.99
5536,07/01/2025,7,C,1,39.99
5537,07/01/2025,7,C,1,39.99
5538,07/01/2025,3,C,1,39.99
5539,07/01/2025,3,C,1,39.99
5540,07/01/2025,3,C,1,39.99
5541,07/01/2025,2,A,1,99.99
5542,07/01/2025,2,A,1,99.99
5543,07/01/2025,2,A,1,99.99
5544,08/01/2025,9,A,1,99.99
5545,08/01/2025,8,C,1,39.99
5546,08/01/2025,2,A,1,99.99
5547,08/01/2025,2,A,1,99.99
5548,08/01/2025,1,B,1,79.99
5549,08/01/2025,1,B,1,79.99
5550,08/01/2025,1,C,-1,-39.99
5551,10/01/2025,9,C,-1,-39.99
5552,12/01/2025,3,A,1,99.99
5553,12/01/2025,1,A,2,199.98
5554,12/01/2025,1,A,1,99.99
5555,12/01/2025,1,A,1,99.99
5556,12/01/2025,1,C,1,39.99
5557,13/01/2025,7,C,1,39.99
5558,13/01/2025,2,A,1,99.99
5559,14/01/2025,9,A,1,99.99
5560,14/01/2025,8,A,1,99.99
5561,14/01/2025,7,A,1,99.99
5562,14/01/2025,7,A,1,99.99
5563,14/01/2025,7,C,1,39.99
5564,14/01/2025,6,C,1,39.99
5565,14/01/2025,5,C,1,39.99
5566,14/01/2025,2,B,1,79.99
5567,15/01/2025,9,A,1,99.99
5568,16/01/2025,8,C,1,39.99
5569,16/01/2025,7,B,-1,-69.99
5570,16/01/2025,2,A,1,99.99
5571,16/01/2025,2,C,1,39.99
5572,17/01/2025,8,A,1,99.99
5573,17/01/2025,8,A,1,99.99
5574,17/01/2025,8,A,1,99.99
5575,17/01/2025,2,C,1,39.99
5576,17/01/2025,1,C,1,39.99
5577,18/01/2025,8,C,1,39.99
5578,18/01/2025,2,C,1,39.99
5579,19/01/2025,7,A,1,99.99
5580,19/01/2025,7,C,1,39.99
5581,19/01/2025,2,C,1,39.99
5582,19/01/2025,2,C,1,39.99
5583,20/01/2025,8,A,1,99.99
5584,20/01/2025,8,B,1,69.99
5585,20/01/2025,8,C,1,39.99
5586,20/01/2025,3,C,1,39.99
5587,20/01/2025,3,C,1,39.99
5588,20/01/2025,2,C,1,39.99
5589,20/01/2025,2,C,1,39.99
5590,20/01/2025,1,A,1,99.99
5591,21/01/2025,8,C,1,39.99
5592,21/01/2025,2,A,1,99.99
5593,21/01/2025,2,A,1,99.99
5594,21/01/2025,2,A,1,99.99
5595,21/01/2025,1,C,1,39.99
5596,21/01/2025,1,C,1,39.99
5597,22/01/2025,2,A,1,99.99
5598,22/01/2025,2,A,1,99.99
5599,22/01/2025,1,A,1,99.99
5600,22/01/2025,1,A,1,99.99
5601,22/01/2025,1,C,1,39.99
5602,23/01/2025,8,A,1,99.99
5603,24/01/2025,9,C,1,39.99
5604,24/01/2025,8,A,1,99.99
5605,24/01/2025,7,A,1,99.99
5606,24/01/2025,7,B,1,69.99
5607,25/01/2025,8,A,1,99.99
5608,25/01/2025,2,B,1,69.99
5609,25/01/2025,2,C,1,39.99
5610,26/01/2025,8,C,1,39.99
5611,26/01/2025,8,C,1,39.99
5612,26/01/2025,8,C,2,79.98
5613,26/01/2025,1,A,1,99.99
5614,26/01/2025,1,A,1,99.99
5615,26/01/2025,1,A,1,99.99
5616,27/01/2025,9,A,1,99.99
5617,27/01/2025,8,A,1,99.99
5618,27/01/2025,8,A,1,99.99
5619,27/01/2025,8,A,1,99.99
5620,27/01/2025,8,A,1,99.99
5621,27/01/2025,8,C,1,39.99
5622,27/01/2025,7,A,1,99.99
5623,27/01/2025,2,A,3,299.97
5624,28/01/2025,1,C,1,39.99
5625,28/01/2025,1,C,1,39.99
5626,28/01/2025,1,C,1,39.99
5627,29/01/2025,10,C,1,39.99
5628,29/01/2025,10,C,1,39.99
5629,29/01/2025,8,A,1,99.99
5630,29/01/2025,7,B,1,69.99
5631,29/01/2025,5,C,1,39.99
5632,30/01/2025,8,C,1,39.99
5633,30/01/2025,8,C,1,39.99
5634,30/01/2025,7,B,1,69.99
5635,30/01/2025,7,C,1,39.99
5636,30/01/2025,7,C,1,39.99
5637,30/01/2025,3,C,1,39.99
5638,31/01/2025,9,A,1,99.99
5639,31/01/2025,8,C,3,119.97
5640,31/01/2025,8,C,1,39.99
5641,31/01/2025,2,C,1,39.99
5642,31/01/2025,2,C,1,39.99
5643,31/01/2025,2,C,1,39.99
5644,31/01/2025,2,C,1,39.99
5645,31/01/2025,2,C,1,39.99
5646,31/01/2025,2,C,1,39.99
5647,31/01/2025,1,A,1,99.99
5648,01/02/2025,3,B,1,69.99
5649,01/02/2025,3,C,1,39.99
5650,02/02/2025,10,C,1,39.99
5651,02/02/2025,8,A,1,99.99
5652,02/02/2025,8,B,1,69.99
5653,02/02/2025,3,C,1,39.99
5654,02/02/2025,3,C,1,39.99
5655,03/02/2025,8,B,1,69.99
5656,03/02/2025,8,C,3,119.97
5657,03/02/2025,7,A,1,99.99
5658,03/02/2025,3,B,1,69.99
5659,03/02/2025,1,B,1,69.99
5660,04/02/2025,3,C,1,39.99
5661,04/02/2025,2,A,1,99.99
5662,04/02/2025,2,C,1,39.99
5663,05/02/2025,8,B,1,69.99
5664,05/02/2025,7,A,1,99.99
5665,05/02/2025,3,A,1,99.99
5666,05/02/2025,2,A,1,99.99
5667,05/02/2025,1,A,1,99.99
5668,05/02/2025,1,A,1,99.99
5669,06/02/2025,8,A,1,99.99
5670,06/02/2025,8,A,1,99.99
5671,06/02/2025,8,A,1,99.99
5672,06/02/2025,8,A,1,99.99
5673,07/02/2025,7,B,1,69.99
5674,07/02/2025,2,A,1,99.99
5675,07/02/2025,2,A,1,99.99
5676,07/02/2025,2,A,1,99.99
5677,08/02/2025,9,C,1,39.99
5678,08/02/2025,9,C,1,39.99
5679,08/02/2025,8,A,1,99.99
5680,08/02/2025,8,A,1,99.99
5681,08/02/2025,8,C,1,39.99
5682,08/02/2025,8,C,1,39.99
5683,08/02/2025,7,A,1,99.99
5684,08/02/2025,7,A,1,99.99
5685,08/02/2025,7,A,1,99.99
5686,08/02/2025,3,C,1,39.99
5687,08/02/2025,1,A,1,99.99
5688,08/02/2025,1,A,1,99.99
5689,08/02/2025,1,A,1,99.99
5690,08/02/2025,1,C,1,39.99
5691,09/02/2025,10,A,1,99.99
5692,09/02/2025,9,A,1,99.99
5693,09/02/2025,8,A,1,99.99
5694,09/02/2025,8,A,1,99.99
5695,09/02/2025,2,A,1,99.99
5696,09/02/2025,2,C,2,79.98
5697,09/02/2025,2,C,1,39.99
5698,09/02/2025,2,C,-1,-39.99
5699,09/02/2025,1,C,1,39.99
5700,09/02/2025,1,C,1,39.99
5701,09/02/2025,1,C,1,39.99
5702,10/02/2025,2,A,1,99.99
5703,10/02/2025,2,A,1,99.99
5704,10/02/2025,2,C,1,39.99
5705,10/02/2025,1,C,1,39.99
5706,11/02/2025,9,C,1,39.99
5707,11/02/2025,9,C,1,39.99
5708,11/02/2025,7,A,1,99.99
5709,11/02/2025,7,A,1,99.99
5710,11/02/2025,2,A,1,99.99
5711,11/02/2025,2,A,1,99.99
5712,11/02/2025,2,A,1,99.99
5713,12/02/2025,9,A,1,99.99
5714,12/02/2025,8,A,1,99.99
5715,12/02/2025,8,A,1,99.99
5716,12/02/2025,1,C,1,39.99
5717,12/02/2025,1,C,1,39.99
5718,13/02/2025,2,B,1,69.99
5719,13/02/2025,2,C,1,39.99
5720,14/02/2025,9,C,1,39.99
5721,14/02/2025,5,A,1,99.99
5722,14/02/2025,1,B,1,69.99
5723,14/02/2025,1,B,1,69.99
5724,15/02/2025,8,A,1,99.99
5725,15/02/2025,8,A,1,99.99
5726,15/02/2025,8,A,1,99.99
5727,15/02/2025,8,A,1,99.99
5728,15/02/2025,8,C,1,39.99
5729,15/02/2025,3,A,1,99.99
5730,15/02/2025,2,B,1,69.99
5731,16/02/2025,8,A,2,199.98
5732,16/02/2025,8,C,1,39.99
5733,16/02/2025,8,C,1,39.99
5734,16/02/2025,8,C,1,39.99
5735,16/02/2025,2,A,1,99.99
5736,16/02/2025,2,A,1,99.99
5737,16/02/2025,1,A,2,199.98
5738,17/02/2025,7,C,1,39.99
5739,17/02/2025,6,C,1,39.99
5740,17/02/2025,6,C,1,39.99
5741,17/02/2025,6,C,1,39.99
5742,17/02/2025,5,A,1,99.99
5743,17/02/2025,2,B,1,69.99
5744,17/02/2025,1,A,1,99.99
5745,17/02/2025,1,A,1,99.99
5746,18/02/2025,9,B,1,69.99
5747,19/02/2025,8,A,1,99.99
5748,19/02/2025,8,C,1,39.99
5749,19/02/2025,8,C,1,39.99
5750,19/02/2025,8,C,-1,-39.99
5751,19/02/2025,7,A,1,99.99
5752,19/02/2025,7,A,1,99.99
5753,19/02/2025,7,C,1,39.99
5754,19/02/2025,3,C,1,39.99
5755,19/02/2025,2,A,1,99.99
5756,19/02/2025,1,A,1,99.99
5757,19/02/2025,1,A,1,99.99
5758,19/02/2025,1,A,2,199.98
5759,19/02/2025,1,C,1,39.99
5760,20/02/2025,8,C,1,39.99
5761,20/02/2025,7,C,1,39.99
5762,20/02/2025,1,C,1,39.99
5763,20/02/2025,1,C,1,39.99
5764,21/02/2025,8,C,1,39.99
5765,21/02/2025,7,C,1,39.99
5766,21/02/2025,1,A,1,99.99
5767,21/02/2025,1,A,1,99.99
5768,21/02/2025,1,C,1,39.99
5769,22/02/2025,6,C,1,39.99
5770,22/02/2025,2,A,1,99.99
5771,22/02/2025,2,A,1,99.99
5772,22/02/2025,2,A,1,99.99
5773,22/02/2025,1,A,2,199.98
5774,22/02/2025,1,A,1,99.99
5775,23/02/2025,9,A,1,99.99
5776,23/02/2025,9,C,1,39.99
5777,23/02/2025,9,C,1,39.99
5778,23/02/2025,7,A,1,99.99
5779,23/02/2025,7,C,2,79.98
5780,24/02/2025,8,A,1,99.99
5781,24/02/2025,8,B,1,69.99
5782,24/02/2025,7,C,1,39.99
5783,24/02/2025,2,C,1,39.99
5784,25/02/2025,9,C,1,39.99
5785,25/02/2025,8,C,1,39.99
5786,25/02/2025,8,C,1,39.99
5787,25/02/2025,7,C,1,39.99
5788,25/02/2025,7,C,1,39.99
5789,25/02/2025,2,C,1,39.99
5790,25/02/2025,2,C,1,39.99
5791,25/02/2025,1,B,1,69.99
5792,26/02/2025,8,C,1,39.99
5793,26/02/2025,8,C,1,39.99
5794,26/02/2025,7,B,1,69.99
5795,26/02/2025,2,C,1,39.99
5796,26/02/2025,1,A,1,99.99
5797,26/02/2025,1,A,1,99.99
5798,26/02/2025,1,A,1,99.99
5799,28/02/2025,8,C,1,39.99
5800,28/02/2025,8,C,1,39.99
5801,28/02/2025,3,A,1,99.99
5802,01/03/2025,8,A,1,99.99
5803,01/03/2025,8,C,1,39.99
5804,01/03/2025,1,C,1,39.99
5805,01/03/2025,8,A,1,99.99
5806,01/03/2025,6,A,1,99.99
5807,01/03/2025,6,A,1,99.99
5808,01/03/2025,3,A,1,99.99
5809,01/03/2025,2,A,1,99.99
5810,01/03/2025,1,A,1,99.99
5811,01/03/2025,1,A,1,99.99
5812,01/03/2025,1,A,1,99.99
5813,02/03/2025,8,C,1,39.99
5814,02/03/2025,8,C,1,39.99
5815,02/03/2025,8,C,1,39.99
5816,02/03/2025,7,B,1,79.99
5817,02/03/2025,7,B,1,79.99
5818,02/03/2025,7,B,1,79.99
5819,02/03/2025,7,B,1,79.99
5820,02/03/2025,3,A,1,99.99
5821,02/03/2025,3,B,1,79.99
5822,02/03/2025,3,B,1,79.99
5823,02/03/2025,2,C,1,39.99
5824,02/03/2025,2,C,1,39.99
5825,02/03/2025,1,A,1,99.99
5826,03/03/2025,8,A,1,99.99
5827,04/03/2025,2,A,1,99.99
5828,04/03/2025,2,B,1,79.99
5829,04/03/2025,2,C,1,39.99
5830,06/03/2025,10,C,1,39.99
5831,06/03/2025,9,C,1,39.99
5832,06/03/2025,8,A,1,99.99
5833,06/03/2025,8,C,1,39.99
5834,06/03/2025,7,A,1,99.99
5835,06/03/2025,1,C,1,39.99
5836,07/03/2025,3,C,1,39.99
5837,07/03/2025,1,C,1,39.99
5838,08/03/2025,8,C,1,39.99
5839,09/03/2025,4,C,1,39.99
5840,09/03/2025,2,A,1,99.99
5841,09/03/2025,2,A,1,99.99
5842,09/03/2025,2,C,1,39.99
5843,09/03/2025,2,C,1,39.99
5844,09/03/2025,1,C,1,39.99
5845,10/03/2025,9,C,1,39.99
5846,10/03/2025,8,C,1,39.99
5847,10/03/2025,8,C,1,39.99
5848,10/03/2025,7,C,1,39.99
5849,10/03/2025,7,C,1,39.99
5850,10/03/2025,7,C,1,39.99
5851,10/03/2025,7,C,1,39.99
5852,10/03/2025,2,C,1,39.99
5853,11/03/2025,8,C,1,39.99
5854,11/03/2025,1,C,1,39.99
5855,11/03/2025,1,C,2,79.98
5856,12/03/2025,9,C,1,39.99
5857,12/03/2025,8,C,1,39.99
5858,12/03/2025,6,A,1,99.99
5859,12/03/2025,6,B,1,79.99
5860,12/03/2025,2,C,1,39.99
5861,13/03/2025,9,A,1,99.99
5862,13/03/2025,8,C,1,39.99
5863,13/03/2025,7,A,1,99.99
5864,13/03/2025,2,A,1,99.99
5865,13/03/2025,2,A,1,99.99
5866,13/03/2025,2,A,1,99.99
5867,13/03/2025,2,B,2,159.98
5868,13/03/2025,2,B,1,79.99
5869,13/03/2025,1,C,1,39.99
5870,14/03/2025,10,C,1,39.99
5871,14/03/2025,9,A,1,99.99
5872,14/03/2025,8,C,1,39.99
5873,14/03/2025,4,A,1,99.99
5874,15/03/2025,8,A,1,99.99
5875,15/03/2025,8,A,1,99.99
5876,15/03/2025,3,C,1,39.99
5877,15/03/2025,1,B,1,79.99
5878,16/03/2025,9,A,1,99.99
5879,16/03/2025,9,A,1,99.99
5880,16/03/2025,9,A,1,99.99
5881,16/03/2025,9,C,1,39.99
5882,16/03/2025,8,A,1,99.99
5883,16/03/2025,8,A,1,99.99
5884,16/03/2025,7,A,1,99.99
5885,16/03/2025,6,A,1,99.99
5886,16/03/2025,4,C,1,39.99
5887,16/03/2025,2,A,1,99.99
5888,16/03/2025,1,C,1,39.99
5889,17/03/2025,8,C,1,39.99
5890,17/03/2025,5,C,1,39.99
5891,17/03/2025,3,C,1,39.99
5892,17/03/2025,3,C,1,39.99
5893,17/03/2025,1,C,1,39.99
5894,17/03/2025,1,C,1,39.99
5895,17/03/2025,1,C,1,39.99
5896,18/03/2025,10,A,1,99.99
5897,18/03/2025,8,C,-1,-39.99
5898,18/03/2025,8,C,1,39.99
5899,18/03/2025,6,C,1,39.99
5900,18/03/2025,3,A,1,99.99
5901,19/03/2025,6,C,1,39.99
5902,19/03/2025,2,A,1,99.99
5903,19/03/2025,2,C,1,39.99
5904,19/03/2025,2,C,1,39.99
5905,20/03/2025,1,C,2,79.98
5906,20/03/2025,1,C,1,39.99
5907,20/03/2025,1,C,1,39.99
5908,21/03/2025,8,C,1,39.99
5909,21/03/2025,7,C,1,39.99
5910,21/03/2025,6,B,1,79.99
5911,21/03/2025,1,A,1,99.99
5912,22/03/2025,9,A,1,99.99
5913,22/03/2025,9,A,2,199.98
5914,22/03/2025,2,A,1,99.99
5915,22/03/2025,2,A,1,99.99
5916,22/03/2025,2,C,1,39.99
5917,22/03/2025,2,C,1,39.99
5918,23/03/2025,9,C,1,39.99
5919,23/03/2025,8,A,1,99.99
5920,23/03/2025,8,C,1,39.99
5921,23/03/2025,6,C,1,39.99
5922,23/03/2025,2,A,1,99.99
5923,23/03/2025,2,A,-1,-99.99
5924,23/03/2025,2,C,1,39.99
5925,23/03/2025,2,C,1,39.99
5926,24/03/2025,3,A,1,99.99
5927,24/03/2025,2,C,1,39.99
5928,24/03/2025,1,A,1,99.99
5929,25/03/2025,6,A,1,99.99
5930,25/03/2025,2,A,1,99.99
5931,26/03/2025,7,C,1,39.99
5932,26/03/2025,7,C,1,39.99
5933,26/03/2025,5,A,1,99.99
5934,26/03/2025,2,C,1,39.99
5935,26/03/2025,1,A,1,99.99
5936,26/03/2025,1,C,1,39.99
5937,26/03/2025,1,C,1,39.99
5938,27/03/2025,7,C,1,39.99
5939,27/03/2025,7,C,1,39.99
5940,27/03/2025,2,C,1,39.99
5941,28/03/2025,9,C,1,39.99
5942,28/03/2025,2,C,1,39.99
5943,28/03/2025,1,C,1,39.99
5944,28/03/2025,1,C,1,39.99
5945,29/03/2025,7,A,1,99.99
5946,29/03/2025,4,C,1,39.99
5947,29/03/2025,1,C,1,39.99
5948,30/03/2025,10,A,1,99.99
5949,30/03/2025,10,A,1,99.99
5950,30/03/2025,8,B,1,79.99
5951,30/03/2025,7,C,1,39.99
5952,30/03/2025,2,A,1,99.99
5953,31/03/2025,10,C,1,39.99
5954,31/03/2025,9,A,1,99.99
5955,31/03/2025,1,A,1,99.99
5956,31/03/2025,1,A,1,99.99
5957,01/04/2025,8,C,1,39.99
5958,01/04/2025,8,C,1,39.99
5959,01/04/2025,7,C,1,39.99
5960,01/04/2025,6,A,1,99.99
5961,01/04/2025,3,C,1,39.99
5962,01/04/2025,3,C,1,39.99
5963,01/04/2025,2,C,1,39.99
5964,01/04/2025,1,C,1,39.99
5965,02/04/2025,9,C,1,39.99
5966,02/04/2025,9,C,1,39.99
5967,02/04/2025,9,C,3,119.97
5968,02/04/2025,4,B,1,79.99
5969,02/04/2025,1,C,1,39.99
5970,02/04/2025,1,C,1,39.99
5971,02/04/2025,1,C,1,39.99
5972,03/04/2025,9,A,1,99.99
5973,04/04/2025,9,C,1,39.99
5974,04/04/2025,7,A,1,99.99
5975,04/04/2025,7,A,3,299.97
5976,04/04/2025,5,B,1,79.99
5977,04/04/2025,1,A,1,99.99
5978,05/04/2025,8,A,1,99.99
5979,05/04/2025,1,A,1,99.99
5980,05/04/2025,1,A,1,99.99
5981,06/04/2025,10,C,1,39.99
5982,06/04/2025,9,A,1,99.99
5983,06/04/2025,9,A,1,99.99
5984,06/04/2025,7,A,1,99.99
5985,06/04/2025,3,B,1,79.99
5986,07/04/2025,8,A,1,99.99
5987,07/04/2025,8,A,1,99.99
5988,07/04/2025,8,A,1,99.99
5989,07/04/2025,8,B,1,79.99
5990,08/04/2025,7,A,1,99.99
5991,08/04/2025,6,A,1,99.99
5992,08/04/2025,2,C,1,39.99
5993,08/04/2025,1,C,1,39.99
5994,09/04/2025,8,A,1,99.99
5995,09/04/2025,7,C,1,39.99
5996,09/04/2025,2,C,1,39.99
5997,10/04/2025,9,A,1,99.99
5998,10/04/2025,9,C,1,39.99
5999,10/04/2025,8,A,1,99.99
6000,10/04/2025,6,C,1,39.99
6001,10/04/2025,6,C,1,39.99
6002,10/04/2025,3,A,1,99.99
6003,11/04/2025,9,A,1,99.99
6004,11/04/2025,9,C,1,39.99
6005,11/04/2025,9,C,1,39.99
6006,11/04/2025,9,C,1,39.99
6007,11/04/2025,8,B,1,79.99
6008,11/04/2025,7,C,1,39.99
6009,11/04/2025,2,A,1,99.99
6010,11/04/2025,2,C,1,39.99
6011,11/04/2025,2,C,1,39.99
6012,11/04/2025,2,C,1,39.99
6013,11/04/2025,1,A,1,99.99
6014,12/04/2025,8,B,1,79.99
6015,12/04/2025,8,C,1,39.99
6016,12/04/2025,7,A,1,99.99
6017,13/04/2025,8,A,1,99.99
6018,13/04/2025,8,A,1,99.99
6019,13/04/2025,8,A,1,99.99
6020,13/04/2025,8,A,1,99.99
6021,13/04/2025,8,C,1,39.99
6022,13/04/2025,7,A,1,99.99
6023,13/04/2025,7,A,1,99.99
6024,13/04/2025,7,A,1,99.99
6025,14/04/2025,8,B,1,79.99
6026,14/04/2025,3,C,1,39.99
6027,14/04/2025,2,C,1,39.99
6028,14/04/2025,2,C,1,39.99
6029,14/04/2025,2,C,1,39.99
6030,15/04/2025,9,A,1,99.99
6031,15/04/2025,9,A,1,99.99
6032,15/04/2025,7,A,1,99.99
6033,15/04/2025,2,C,1,39.99
6034,16/04/2025,9,C,1,39.99
6035,16/04/2025,3,B,3,239.97
6036,16/04/2025,2,C,1,39.99
6037,17/04/2025,8,C,1,39.99
6038,17/04/2025,8,C,1,39.99
6039,18/04/2025,8,C,1,39.99
6040,18/04/2025,8,C,1,39.99
6041,18/04/2025,8,C,1,39.99
6042,18/04/2025,8,C,1,39.99
6043,18/04/2025,7,C,1,39.99
6044,18/04/2025,7,C,1,39.99
6045,18/04/2025,1,B,1,79.99
6046,19/04/2025,9,B,1,79.99
6047,19/04/2025,8,C,1,39.99
6048,19/04/2025,2,C,1,39.99
6049,19/04/2025,2,C,1,39.99
6050,20/04/2025,7,C,1,39.99
6051,20/04/2025,7,C,1,39.99
6052,20/04/2025,7,C,1,39.99
6053,21/04/2025,9,C,1,39.99
6054,21/04/2025,7,A,1,99.99
6055,21/04/2025,7,A,1,99.99
6056,21/04/2025,7,A,1,99.99
6057,21/04/2025,7,A,1,99.99
6058,21/04/2025,2,A,1,99.99
6059,21/04/2025,2,A,1,99.99
6060,21/04/2025,2,C,1,39.99
6061,21/04/2025,1,A,1,99.99
6062,22/04/2025,7,A,1,99.99
6063,22/04/2025,7,A,1,99.99
6064,22/04/2025,3,A,1,99.99
6065,22/04/2025,2,A,1,99.99
6066,22/04/2025,2,C,1,39.99
6067,23/04/2025,7,A,1,99.99
6068,23/04/2025,2,B,1,79.99
6069,23/04/2025,1,C,1,39.99
6070,23/04/2025,1,C,1,39.99
6071,24/04/2025,8,B,1,79.99
6072,24/04/2025,8,C,1,39.99
6073,24/04/2025,8,C,1,39.99
6074,24/04/2025,8,C,1,39.99
6075,25/04/2025,8,B,1,79.99
6076,25/04/2025,8,C,1,39.99
6077,25/04/2025,7,C,1,39.99
6078,25/04/2025,1,C,1,39.99
6079,26/04/2025,8,C,1,39.99
6080,26/04/2025,6,C,1,39.99
6081,26/04/2025,2,A,1,99.99
6082,27/04/2025,10,C,1,39.99
6083,27/04/2025,2,C,1,39.99
6084,27/04/2025,2,C,1,39.99
6085,27/04/2025,1,A,1,99.99
6086,28/04/2025,8,A,1,99.99
6087,28/04/2025,8,C,1,39.99
6088,28/04/2025,2,A,1,99.99
6089,28/04/2025,1,C,1,39.99
6090,29/04/2025,8,C,1,39.99
6091,29/04/2025,3,A,1,99.99
6092,29/04/2025,3,A,1,99.99
6093,29/04/2025,2,A,1,99.99
6094,29/04/2025,2,C,1,39.99
6095,29/04/2025,2,C,1,39.99
6096,29/04/2025,1,C,1,39.99
6097,30/04/2025,8,A,1,99.99
6098,30/04/2025,2,A,1,99.99
6099,30/04/2025,2,C,1,39.99
6100,02/05/2025,8,A,1,99.99
6101,02/05/2025,8,A,1,99.99
6102,02/05/2025,8,A,1,99.99
6103,02/05/2025,6,A,1,99.99
6104,02/05/2025,2,A,1,99.99
6105,05/05/2025,8,B,1,79.99
6106,05/05/2025,8,B,1,79.99
6107,05/05/2025,7,C,1,29.99
6108,06/05/2025,9,C,1,29.99
6109,06/05/2025,9,C,1,29.99
6110,06/05/2025,9,C,1,29.99
6111,06/05/2025,7,C,1,29.99
6112,06/05/2025,6,C,1,29.99
6113,06/05/2025,4,C,1,29.99
6114,06/05/2025,2,A,1,99.99
6115,07/05/2025,8,C,1,29.99
6116,07/05/2025,8,C,1,29.99
6117,07/05/2025,7,C,1,29.99
6118,07/05/2025,1,A,1,99.99
6119,07/05/2025,1,A,1,99.99
6120,08/05/2025,7,A,1,99.99
6121,09/05/2025,9,A,1,99.99
6122,09/05/2025,7,A,1,99.99
6123,09/05/2025,7,A,1,99.99
6124,09/05/2025,7,B,1,79.99
6125,10/05/2025,10,A,1,99.99
6126,10/05/2025,8,C,1,29.99
6127,10/05/2025,7,A,1,99.99
6128,10/05/2025,7,A,1,99.99
6129,11/05/2025,9,A,1,99.99
6130,11/05/2025,2,A,1,99.99
6131,11/05/2025,2,A,1,99.99
6132,11/05/2025,2,B,1,79.99
6133,11/05/2025,2,C,1,29.99
6134,11/05/2025,1,A,1,99.99
6135,12/05/2025,6,A,2,199.98
6136,13/05/2025,8,C,1,29.99
6137,13/05/2025,8,C,2,59.98
6138,13/05/2025,7,A,1,99.99
6139,13/05/2025,2,C,1,29.99
6140,13/05/2025,1,A,1,99.99
6141,13/05/2025,1,B,1,79.99
6142,14/05/2025,9,A,1,99.99
6143,15/05/2025,8,A,1,99.99
6144,15/05/2025,8,A,1,99.99
6145,15/05/2025,7,A,1,99.99
6146,15/05/2025,7,A,1,99.99
6147,15/05/2025,2,B,1,79.99
6148,15/05/2025,2,C,1,29.99
6149,16/05/2025,9,A,1,99.99
6150,16/05/2025,2,A,1,99.99
6151,16/05/2025,1,A,1,99.99
6152,16/05/2025,1,A,1,99.99
6153,16/05/2025,1,C,1,29.99
6154,17/05/2025,9,C,1,29.99
6155,17/05/2025,2,A,1,99.99
6156,17/05/2025,1,C,1,29.99
6157,18/05/2025,8,A,1,99.99
6158,18/05/2025,7,A,1,99.99
6159,18/05/2025,7,A,1,99.99
6160,18/05/2025,7,A,1,99.99
6161,18/05/2025,2,B,1,79.99
6162,18/05/2025,1,C,1,29.99
6163,18/05/2025,1,C,1,29.99
6164,19/05/2025,9,A,1,99.99
6165,19/05/2025,7,C,1,29.99
6166,19/05/2025,2,C,1,29.99
6167,19/05/2025,1,C,1,29.99
6168,19/05/2025,1,C,1,29.99
6169,19/05/2025,1,C,1,29.99
6170,20/05/2025,8,C,1,29.99
6171,20/05/2025,8,C,-1,-29.99
6172,20/05/2025,8,C,1,29.99
6173,20/05/2025,7,C,1,29.99
6174,20/05/2025,6,A,1,99.99
6175,20/05/2025,6,A,1,99.99
6176,20/05/2025,6,B,1,79.99
6177,20/05/2025,3,C,1,29.99
6178,20/05/2025,1,B,1,79.99
6179,20/05/2025,1,B,1,79.99
6180,21/05/2025,2,A,1,99.99
6181,21/05/2025,1,A,1,99.99
6182,22/05/2025,9,A,1,99.99
6183,22/05/2025,3,C,1,29.99
6184,22/05/2025,2,C,2,59.98
6185,23/05/2025,10,C,1,29.99
6186,23/05/2025,7,A,1,99.99
6187,24/05/2025,8,C,1,29.99
6188,25/05/2025,3,C,1,29.99
6189,25/05/2025,2,A,1,99.99
6190,25/05/2025,2,A,1,99.99
6191,25/05/2025,1,C,1,29.99
6192,26/05/2025,8,A,1,99.99
6193,26/05/2025,8,A,1,99.99
6194,27/05/2025,10,C,1,29.99
6195,27/05/2025,10,C,1,29.99
6196,27/05/2025,8,A,2,199.98
6197,27/05/2025,7,C,1,29.99
6198,28/05/2025,8,C,1,29.99
6199,29/05/2025,3,C,1,29.99
6200,29/05/2025,2,A,1,99.99
6201,30/05/2025,8,C,1,29.99
6202,30/05/2025,8,C,1,29.99
6203,30/05/2025,6,B,1,79.99
6204,30/05/2025,3,C,1,29.99
6205,30/05/2025,1,A,1,99.99
6206,31/05/2025,9,B,1,79.99
6207,31/05/2025,7,A,1,99.99
6208,31/05/2025,7,C,1,29.99
6209,31/05/2025,7,C,1,29.99
6210,31/05/2025,7,C,1,29.99
6211,31/05/2025,3,C,1,29.99
6212,31/05/2025,2,C,1,29.99
6213,31/05/2025,2,C,1,29.99
6214,31/05/2025,1,C,1,29.99
6215,01/06/2025,9,C,1,29.99
6216,01/06/2025,9,C,2,59.98
6217,01/06/2025,7,A,1,99.99
6218,01/06/2025,1,A,1,99.99
6219,01/06/2025,1,A,1,99.99
6220,02/06/2025,2,A,1,99.99
6221,02/06/2025,2,C,1,29.99
6222,02/06/2025,1,C,1,29.99
6223,03/06/2025,7,C,1,29.99
6224,03/06/2025,2,A,1,99.99
6225,03/06/2025,2,A,2,199.98
6226,04/06/2025,9,C,1,29.99
6227,04/06/2025,7,A,1,99.99
6228,04/06/2025,7,A,1,99.99
6229,04/06/2025,6,C,1,29.99
6230,04/06/2025,1,C,1,29.99
6231,05/06/2025,3,A,1,99.99
6232,05/06/2025,2,C,1,29.99
6233,05/06/2025,2,C,1,29.99
6234,05/06/2025,1,C,1,29.99
6235,06/06/2025,4,C,1,29.99
6236,06/06/2025,1,A,1,99.99
6237,07/06/2025,8,C,1,29.99
6238,07/06/2025,3,A,1,99.99
6239,07/06/2025,2,C,1,29.99
6240,08/06/2025,10,B,1,79.99
6241,08/06/2025,7,A,1,99.99
6242,08/06/2025,7,A,1,99.99
6243,08/06/2025,7,C,1,29.99
6244,08/06/2025,1,C,1,29.99
6245,08/06/2025,1,C,1,29.99
6246,09/06/2025,8,A,1,99.99
6247,09/06/2025,8,C,1,29.99
6248,09/06/2025,8,C,1,29.99
6249,09/06/2025,7,A,1,99.99
6250,10/06/2025,9,B,1,79.99
6251,10/06/2025,9,B,1,79.99
6252,10/06/2025,3,C,1,29.99
6253,10/06/2025,3,C,1,29.99
6254,10/06/2025,2,A,1,99.99
6255,10/06/2025,1,A,1,99.99
6256,10/06/2025,1,A,1,99.99
6257,10/06/2025,1,C,1,29.99
6258,11/06/2025,8,A,1,99.99
6259,11/06/2025,7,A,1,99.99
6260,12/06/2025,8,B,1,79.99
6261,12/06/2025,1,C,1,29.99
6262,12/06/2025,1,C,1,29.99
6263,13/06/2025,8,A,1,99.99
6264,13/06/2025,8,A,1,99.99
6265,13/06/2025,7,A,1,99.99
6266,13/06/2025,7,A,1,99.99
6267,14/06/2025,9,A,1,99.99
6268,14/06/2025,9,A,1,99.99
6269,14/06/2025,9,A,1,99.99
6270,14/06/2025,9,A,1,99.99
6271,14/06/2025,8,A,1,99.99
6272,14/06/2025,8,C,1,29.99
6273,14/06/2025,7,C,1,29.99
6274,14/06/2025,7,C,1,29.99
6275,14/06/2025,6,C,1,29.99
6276,14/06/2025,2,B,1,79.99
6277,14/06/2025,2,C,1,29.99
6278,15/06/2025,1,A,1,99.99
6279,15/06/2025,1,B,1,79.99
6280,15/06/2025,1,C,1,29.99
6281,16/06/2025,8,A,1,99.99
6282,16/06/2025,8,C,1,29.99
6283,16/06/2025,7,C,1,29.99
6284,16/06/2025,1,A,1,99.99
6285,16/06/2025,1,A,1,99.99
6286,17/06/2025,9,C,1,29.99
6287,17/06/2025,8,A,1,99.99
6288,17/06/2025,7,C,1,29.99
6289,17/06/2025,2,A,1,99.99
6290,17/06/2025,2,C,1,29.99
6291,17/06/2025,1,C,1,29.99
6292,19/06/2025,1,A,1,99.99
6293,19/06/2025,1,C,1,29.99
6294,20/06/2025,2,A,1,99.99
6295,20/06/2025,2,A,1,99.99
6296,20/06/2025,2,A,1,99.99
6297,20/06/2025,2,C,1,29.99
6298,20/06/2025,2,C,1,29.99
6299,21/06/2025,8,C,1,29.99
6300,21/06/2025,1,C,1,29.99
6301,21/06/2025,1,C,1,29.99
6302,22/06/2025,2,A,1,99.99
6303,22/06/2025,2,A,1,99.99
6304,22/06/2025,2,A,1,99.99
6305,22/06/2025,2,A,1,99.99
6306,22/06/2025,1,A,1,99.99
6307,23/06/2025,8,A,1,99.99
6308,24/06/2025,4,B,1,79.99
6309,24/06/2025,3,A,1,99.99
6310,24/06/2025,3,A,1,99.99
6311,24/06/2025,3,A,1,99.99
6312,24/06/2025,2,C,1,29.99
6313,25/06/2025,8,C,1,29.99
6314,25/06/2025,7,A,1,99.99
6315,25/06/2025,3,B,1,79.99
6316,26/06/2025,9,B,1,79.99
6317,26/06/2025,2,C,1,29.99
6318,26/06/2025,2,C,1,29.99
6319,27/06/2025,8,B,1,79.99
6320,28/06/2025,8,A,1,99.99
6321,28/06/2025,8,A,1,99.99
6322,28/06/2025,8,B,1,79.99
6323,28/06/2025,8,C,1,29.99
6324,28/06/2025,6,A,1,99.99
6325,28/06/2025,6,A,1,99.99
6326,28/06/2025,4,C,1,29.99
6327,28/06/2025,3,C,1,29.99
6328,28/06/2025,1,A,1,99.99
6329,28/06/2025,1,A,1,99.99
6330,29/06/2025,9,C,1,29.99
6331,29/06/2025,8,A,1,99.99
6332,29/06/2025,8,A,1,99.99
6333,29/06/2025,8,B,1,79.99
6334,29/06/2025,7,A,1,99.99
6335,29/06/2025,7,B,1,79.99
6336,29/06/2025,7,B,1,79.99
6337,30/06/2025,4,C,1,29.99
6338,30/06/2025,4,C,1,29.99
6339,01/07/2025,10,A,1,99.99
6340,02/07/2025,9,C,1,29.99
6341,02/07/2025,8,C,1,29.99
6342,03/07/2025,7,A,1,99.99
6343,04/07/2025,10,C,1,29.99
6344,04/07/2025,8,A,1,99.99
6345,04/07/2025,8,A,1,99.99
6346,04/07/2025,8,B,1,79.99
6347,04/07/2025,8,C,1,29.99
6348,04/07/2025,7,A,1,99.99
6349,04/07/2025,7,C,1,29.99
6350,04/07/2025,4,C,1,29.99
6351,04/07/2025,3,A,1,99.99
6352,04/07/2025,2,A,1,99.99
6353,04/07/2025,2,A,1,99.99
6354,04/07/2025,2,C,1,29.99
6355,04/07/2025,2,C,1,29.99
6356,04/07/2025,2,C,1,29.99
6357,05/07/2025,7,A,1,99.99
6358,05/07/2025,2,C,1,29.99
6359,05/07/2025,1,C,1,29.99
6360,06/07/2025,7,A,1,99.99
6361,06/07/2025,7,C,1,29.99
6362,06/07/2025,2,C,1,29.99
6363,06/07/2025,1,C,1,29.99
6364,06/07/2025,1,C,1,29.99
6365,07/07/2025,8,C,1,29.99
6366,07/07/2025,8,C,1,29.99
6367,08/07/2025,7,A,1,99.99
6368,08/07/2025,7,B,-1,-79.99
6369,08/07/2025,1,A,1,99.99
6370,08/07/2025,1,A,1,99.99
6371,09/07/2025,8,A,1,99.99
6372,09/07/2025,7,A,1,99.99
6373,09/07/2025,7,A,1,99.99
6374,09/07/2025,7,C,1,29.99
6375,10/07/2025,3,C,1,29.99
6376,11/07/2025,9,A,1,99.99
6377,11/07/2025,7,A,1,99.99
6378,11/07/2025,3,A,-1,-99.99
6379,12/07/2025,8,B,1,79.99
6380,12/07/2025,4,A,1,99.99
6381,12/07/2025,2,A,1,99.99
6382,12/07/2025,1,C,1,29.99
6383,13/07/2025,8,C,1,29.99
6384,13/07/2025,8,C,1,29.99
6385,13/07/2025,8,C,1,29.99
6386,13/07/2025,3,C,1,29.99
6387,14/07/2025,8,A,1,99.99
6388,14/07/2025,8,A,1,99.99
6389,14/07/2025,7,A,1,99.99
6390,14/07/2025,7,A,1,99.99
6391,14/07/2025,7,A,1,99.99
6392,14/07/2025,2,B,1,79.99
6393,14/07/2025,1,A,1,99.99
6394,14/07/2025,1,A,1,99.99
6395,14/07/2025,1,A,1,99.99
6396,15/07/2025,9,A,1,99.99
6397,15/07/2025,9,C,1,39.99
6398,15/07/2025,4,C,1,39.99
6399,15/07/2025,4,C,1,39.99
6400,15/07/2025,2,C,2,79.98
6401,16/07/2025,7,A,1,99.99
6402,16/07/2025,6,C,1,39.99
6403,16/07/2025,2,C,1,39.99
6404,16/07/2025,2,C,1,39.99
6405,16/07/2025,1,C,1,39.99
6406,17/07/2025,1,C,1,39.99
6407,18/07/2025,8,A,1,99.99
6408,18/07/2025,8,A,1,99.99
6409,18/07/2025,8,C,1,39.99
6410,18/07/2025,8,C,1,39.99
6411,18/07/2025,7,A,1,99.99
6412,19/07/2025,9,C,1,39.99
6413,19/07/2025,8,A,1,99.99
6414,19/07/2025,8,A,1,99.99
6415,19/07/2025,7,C,1,39.99
6416,19/07/2025,7,C,1,39.99
6417,19/07/2025,3,C,1,39.99
6418,19/07/2025,3,C,1,39.99
6419,19/07/2025,2,C,1,39.99
6420,19/07/2025,2,C,1,39.99
6421,19/07/2025,2,C,1,39.99
6422,19/07/2025,2,C,1,39.99
6423,19/07/2025,1,B,1,79.99
6424,20/07/2025,8,A,1,99.99
6425,20/07/2025,8,B,1,79.99
6426,20/07/2025,8,B,1,79.99
6427,20/07/2025,8,B,1,79.99
6428,20/07/2025,7,C,1,39.99
6429,20/07/2025,1,A,1,99.99
6430,20/07/2025,1,A,1,99.99
6431,21/07/2025,9,A,1,99.99
6432,21/07/2025,8,C,1,39.99
6433,21/07/2025,2,B,1,79.99
6434,21/07/2025,2,B,1,79.99
6435,21/07/2025,1,C,1,39.99
6436,21/07/2025,1,C,1,39.99
6437,22/07/2025,8,C,1,39.99
6438,23/07/2025,7,A,1,99.99
6439,23/07/2025,3,A,1,99.99
6440,23/07/2025,1,B,1,79.99
6441,23/07/2025,1,B,1,79.99
6442,23/07/2025,1,C,1,39.99
6443,24/07/2025,8,A,1,99.99
6444,24/07/2025,2,C,1,39.99
6445,24/07/2025,2,C,1,39.99
6446,24/07/2025,1,B,1,79.99
6447,24/07/2025,1,B,1,79.99
6448,24/07/2025,1,C,1,39.99
6449,25/07/2025,10,C,1,39.99
6450,25/07/2025,8,C,1,39.99
6451,25/07/2025,2,A,3,299.97
6452,25/07/2025,2,C,1,39.99
6453,25/07/2025,1,A,1,99.99
6454,25/07/2025,1,C,1,39.99
6455,26/07/2025,9,B,1,79.99
6456,26/07/2025,7,A,1,99.99
6457,26/07/2025,7,A,1,99.99
6458,26/07/2025,3,C,1,39.99
6459,26/07/2025,2,A,1,99.99
6460,26/07/2025,2,A,1,99.99
6461,26/07/2025,2,C,1,39.99
6462,27/07/2025,9,C,1,39.99
6463,27/07/2025,8,C,1,39.99
6464,27/07/2025,7,C,1,39.99
6465,27/07/2025,5,C,1,39.99
6466,27/07/2025,2,A,1,99.99
6467,27/07/2025,2,A,1,99.99
6468,27/07/2025,2,A,1,99.99
6469,27/07/2025,2,A,1,99.99
6470,27/07/2025,1,A,1,99.99
6471,28/07/2025,7,A,1,99.99
6472,29/07/2025,8,B,2,159.98
6473,29/07/2025,7,C,1,39.99
6474,29/07/2025,2,A,1,99.99
6475,29/07/2025,2,A,1,99.99
6476,29/07/2025,2,C,1,39.99
6477,29/07/2025,2,C,1,39.99
6478,29/07/2025,2,C,1,39.99
6479,29/07/2025,2,C,1,39.99
6480,29/07/2025,1,B,1,79.99
6481,30/07/2025,9,C,1,39.99
6482,30/07/2025,8,A,1,99.99
6483,30/07/2025,8,A,1,99.99
6484,30/07/2025,8,A,1,99.99
6485,30/07/2025,7,A,1,99.99
6486,30/07/2025,3,C,1,39.99
6487,30/07/2025,2,C,1,39.99
6488,31/07/2025,9,C,1,39.99
6489,31/07/2025,8,C,1,39.99
6490,31/07/2025,1,A,1,99.99
6491,31/07/2025,1,A,1,99.99
6492,01/08/2025,9,A,1,89.99
6493,01/08/2025,3,A,1,89.99
6494,01/08/2025,3,A,1,89.99
6495,01/08/2025,2,A,1,89.99
6496,01/08/2025,2,A,1,89.99
6497,01/08/2025,2,A,1,89.99
6498,02/08/2025,9,A,1,89.99
6499,02/08/2025,8,A,1,89.99
6500,02/08/2025,6,A,1,89.99
6501,02/08/2025,6,A,1,89.99
6502,02/08/2025,3,C,1,39.99
6503,02/08/2025,1,B,1,69.99
6504,03/08/2025,9,A,1,89.99
6505,03/08/2025,9,C,1,39.99
6506,03/08/2025,8,B,1,69.99
6507,03/08/2025,8,C,1,39.99
6508,03/08/2025,8,C,1,39.99
6509,03/08/2025,1,C,1,39.99
6510,04/08/2025,8,A,1,89.99
6511,04/08/2025,7,C,1,39.99
6512,04/08/2025,6,C,1,39.99
6513,04/08/2025,6,C,1,39.99
6514,04/08/2025,6,C,1,39.99
6515,04/08/2025,5,B,1,69.99
6516,04/08/2025,3,A,1,89.99
6517,04/08/2025,2,A,1,89.99
6518,04/08/2025,2,A,1,89.99
6519,04/08/2025,1,A,1,89.99
6520,05/08/2025,1,A,1,89.99
6521,06/08/2025,8,A,1,89.99
6522,06/08/2025,1,A,1,89.99
6523,06/08/2025,1,A,1,89.99
6524,07/08/2025,8,A,1,89.99
6525,07/08/2025,8,A,1,89.99
6526,07/08/2025,7,C,1,39.99
6527,07/08/2025,3,C,1,39.99
6528,07/08/2025,1,A,1,89.99
6529,07/08/2025,1,A,1,89.99
6530,07/08/2025,1,B,1,69.99
6531,08/08/2025,8,A,1,89.99
6532,08/08/2025,8,A,1,89.99
6533,08/08/2025,8,A,1,89.99
6534,08/08/2025,8,C,1,39.99
6535,08/08/2025,2,A,1,89.99
6536,08/08/2025,2,B,1,69.99
6537,09/08/2025,8,A,1,89.99
6538,09/08/2025,8,A,1,89.99
6539,09/08/2025,3,C,1,39.99
6540,09/08/2025,3,C,1,39.99
6541,09/08/2025,1,A,1,89.99
6542,10/08/2025,8,A,1,89.99
6543,10/08/2025,4,C,1,39.99
6544,10/08/2025,2,A,1,89.99
6545,10/08/2025,2,A,1,89.99
6546,10/08/2025,2,C,1,39.99
6547,10/08/2025,2,C,1,39.99
6548,10/08/2025,2,C,1,39.99
6549,11/08/2025,1,C,1,39.99
6550,11/08/2025,1,C,1,39.99
6551,12/08/2025,8,C,1,39.99
6552,12/08/2025,2,A,1,89.99
6553,13/08/2025,8,A,1,89.99
6554,13/08/2025,8,B,1,69.99
6555,14/08/2025,8,C,1,39.99
6556,14/08/2025,6,A,1,89.99
6557,14/08/2025,2,B,1,69.99
6558,14/08/2025,2,B,1,69.99
6559,15/08/2025,8,C,1,39.99
6560,15/08/2025,6,A,1,89.99
6561,16/08/2025,8,A,1,89.99
6562,16/08/2025,8,A,1,89.99
6563,16/08/2025,8,C,1,39.99
6564,16/08/2025,2,C,2,79.98
6565,16/08/2025,1,C,1,39.99
6566,17/08/2025,9,C,1,39.99
6567,17/08/2025,8,C,1,39.99
6568,17/08/2025,5,B,1,69.99
6569,17/08/2025,1,A,1,89.99
6570,17/08/2025,1,A,1,89.99
6571,17/08/2025,1,A,1,89.99
6572,17/08/2025,1,A,1,89.99
6573,17/08/2025,1,C,1,39.99
6574,18/08/2025,9,A,1,89.99
6575,18/08/2025,8,A,1,89.99
6576,18/08/2025,3,C,1,39.99
6577,18/08/2025,2,C,1,39.99
6578,18/08/2025,2,C,1,39.99
6579,19/08/2025,9,A,1,89.99
6580,19/08/2025,9,A,1,89.99
6581,19/08/2025,2,A,1,89.99
6582,19/08/2025,2,B,1,69.99
6583,20/08/2025,6,A,1,89.99
6584,20/08/2025,2,C,1,39.99
6585,20/08/2025,2,C,1,39.99
6586,20/08/2025,2,C,1,39.99
6587,20/08/2025,1,A,1,89.99
6588,21/08/2025,8,C,1,39.99
6589,21/08/2025,8,C,1,39.99
6590,21/08/2025,1,A,1,89.99
6591,22/08/2025,7,B,1,69.99
6592,22/08/2025,2,A,1,89.99
6593,23/08/2025,8,C,1,39.99
6594,23/08/2025,1,C,1,39.99
6595,23/08/2025,1,C,1,39.99
6596,24/08/2025,7,B,1,69.99
6597,24/08/2025,1,C,1,39.99
6598,25/08/2025,1,C,1,39.99
6599,26/08/2025,8,C,2,79.98
6600,26/08/2025,8,C,1,39.99
6601,27/08/2025,10,A,1,89.99
6602,27/08/2025,9,A,1,89.99
6603,27/08/2025,8,C,1,39.99
6604,28/08/2025,8,C,1,39.99
6605,28/08/2025,7,A,1,89.99
6606,28/08/2025,7,C,1,39.99
6607,28/08/2025,2,A,1,89.99
6608,29/08/2025,9,A,1,89.99
6609,29/08/2025,7,B,1,69.99
6610,29/08/2025,6,C,1,39.99
6611,29/08/2025,3,A,1,89.99
6612,29/08/2025,2,B,1,69.99
6613,30/08/2025,8,C,1,39.99
6614,30/08/2025,8,C,1,39.99
6615,30/08/2025,8,C,1,39.99
6616,30/08/2025,8,C,1,39.99
6617,30/08/2025,8,C,1,39.99
6618,31/08/2025,7,A,1,89.99
6619,31/08/2025,5,C,1,39.99
6620,31/08/2025,2,A,1,89.99
6621,31/08/2025,2,A,1,89.99
6622,01/09/2025,9,B,1,69.99
6623,01/09/2025,8,C,1,39.99
6624,01/09/2025,7,A,1,89.99
6625,01/09/2025,2,C,1,39.99
6626,02/09/2025,8,C,1,39.99
6627,02/09/2025,8,C,1,39.99
6628,02/09/2025,2,A,1,89.99
6629,03/09/2025,8,C,1,39.99
6630,03/09/2025,8,C,1,39.99
6631,03/09/2025,8,C,1,39.99
6632,03/09/2025,2,A,1,89.99
6633,03/09/2025,1,A,1,89.99
6634,03/09/2025,1,C,1,39.99
6635,04/09/2025,8,A,1,89.99
6636,04/09/2025,8,B,1,69.99
6637,04/09/2025,8,C,1,39.99
6638,04/09/2025,6,A,1,89.99
6639,04/09/2025,6,A,1,89.99
6640,04/09/2025,1,C,1,39.99
6641,05/09/2025,8,A,1,89.99
6642,05/09/2025,7,B,1,69.99
6643,06/09/2025,3,C,1,39.99
6644,06/09/2025,2,A,1,89.99
6645,06/09/2025,1,A,1,89.99
6646,06/09/2025,1,A,1,89.99
6647,06/09/2025,1,C,1,39.99
6648,06/09/2025,1,C,1,39.99
6649,07/09/2025,10,C,1,39.99
6650,07/09/2025,9,A,1,89.99
6651,07/09/2025,9,A,1,89.99
6652,07/09/2025,8,C,1,39.99
6653,07/09/2025,2,A,2,179.98
6654,07/09/2025,1,A,1,89.99
6655,08/09/2025,10,A,2,179.98
6656,08/09/2025,9,A,1,89.99
6657,08/09/2025,8,A,1,89.99
6658,08/09/2025,8,C,1,39.99
6659,08/09/2025,2,C,1,39.99
6660,08/09/2025,2,C,1,39.99
6661,09/09/2025,9,C,1,39.99
6662,09/09/2025,1,A,1,89.99
6663,09/09/2025,1,A,1,89.99
6664,10/09/2025,9,C,1,39.99
6665,10/09/2025,7,C,1,39.99
6666,10/09/2025,7,C,1,39.99
6667,10/09/2025,1,C,1,39.99
6668,11/09/2025,9,A,1,89.99
6669,11/09/2025,9,A,1,89.99
6670,11/09/2025,9,A,1,89.99
6671,11/09/2025,7,B,1,69.99
6672,11/09/2025,7,B,1,69.99
6673,11/09/2025,7,B,1,69.99
6674,11/09/2025,6,B,1,69.99
6675,11/09/2025,2,B,1,69.99
6676,11/09/2025,2,B,1,69.99
6677,12/09/2025,9,A,1,89.99
6678,12/09/2025,9,A,1,89.99
6679,12/09/2025,8,A,1,89.99
6680,12/09/2025,8,A,1,89.99
6681,12/09/2025,6,B,1,69.99
6682,12/09/2025,1,B,1,69.99
6683,13/09/2025,10,C,1,39.99
6684,13/09/2025,1,A,1,89.99
6685,13/09/2025,1,C,1,39.99
6686,14/09/2025,8,B,1,69.99
6687,14/09/2025,7,C,1,39.99
6688,14/09/2025,2,A,1,89.99
6689,14/09/2025,1,C,1,39.99
6690,15/09/2025,7,B,1,69.99
6691,15/09/2025,2,B,1,69.99
6692,15/09/2025,2,B,1,69.99
6693,15/09/2025,1,C,1,39.99
6694,16/09/2025,3,C,1,39.99
6695,16/09/2025,3,C,1,39.99
6696,16/09/2025,3,C,1,39.99
6697,16/09/2025,2,C,1,39.99
6698,16/09/2025,2,C,1,39.99
6699,16/09/2025,2,C,1,39.99
6700,17/09/2025,8,A,1,99.99
6701,17/09/2025,2,B,1,69.99
6702,17/09/2025,1,A,1,99.99
6703,18/09/2025,8,A,1,99.99
6704,18/09/2025,7,C,1,39.99
6705,19/09/2025,9,A,1,99.99
6706,19/09/2025,4,C,1,39.99
6707,19/09/2025,3,C,1,39.99
6708,19/09/2025,2,A,1,99.99
6709,19/09/2025,1,C,1,39.99
6710,20/09/2025,8,C,1,39.99
6711,20/09/2025,8,C,1,39.99
6712,20/09/2025,2,A,1,99.99
6713,20/09/2025,1,A,1,99.99
6714,21/09/2025,9,B,1,69.99
6715,21/09/2025,8,A,1,99.99
6716,21/09/2025,8,C,1,39.99
6717,21/09/2025,8,C,1,39.99
6718,21/09/2025,4,A,1,99.99
6719,21/09/2025,3,A,1,99.99
6720,21/09/2025,2,A,1,99.99
6721,21/09/2025,2,A,1,99.99
6722,22/09/2025,8,C,1,39.99
6723,22/09/2025,7,C,1,39.99
6724,22/09/2025,5,C,1,39.99
6725,22/09/2025,3,A,1,99.99
6726,22/09/2025,3,A,1,99.99
6727,22/09/2025,3,A,1,99.99
6728,22/09/2025,1,A,1,99.99
6729,23/09/2025,9,C,1,39.99
6730,23/09/2025,9,C,1,39.99
6731,23/09/2025,8,A,1,99.99
6732,23/09/2025,8,C,1,39.99
6733,23/09/2025,3,A,1,99.99
6734,23/09/2025,3,A,1,99.99
6735,23/09/2025,3,C,1,39.99
6736,23/09/2025,2,C,1,39.99
6737,23/09/2025,2,C,1,39.99
6738,24/09/2025,2,C,1,39.99
6739,24/09/2025,2,C,1,39.99
6740,24/09/2025,1,A,1,99.99
6741,24/09/2025,1,A,1,99.99
6742,24/09/2025,1,C,1,39.99
6743,25/09/2025,8,A,1,99.99
6744,25/09/2025,8,A,1,99.99
6745,25/09/2025,8,A,1,99.99
6746,25/09/2025,7,A,1,99.99
6747,25/09/2025,7,A,1,99.99
6748,25/09/2025,7,A,1,99.99
6749,25/09/2025,7,B,1,69.99
6750,26/09/2025,9,C,-1,-39.99
6751,26/09/2025,9,C,1,39.99
6752,26/09/2025,7,C,1,39.99
6753,26/09/2025,7,C,1,39.99
6754,26/09/2025,7,C,1,39.99
6755,26/09/2025,7,C,1,39.99
6756,26/09/2025,4,C,1,39.99
6757,27/09/2025,10,C,1,39.99
6758,27/09/2025,8,C,1,39.99
6759,27/09/2025,8,C,1,39.99
6760,27/09/2025,7,C,1,39.99
6761,27/09/2025,7,C,1,39.99
6762,27/09/2025,1,C,1,39.99
6763,28/09/2025,8,B,1,69.99
6764,29/09/2025,7,C,1,39.99
6765,29/09/2025,2,C,1,39.99
6766,29/09/2025,2,C,1,39.99
6767,29/09/2025,2,C,1,39.99
6768,30/09/2025,2,B,1,69.99
6769,30/09/2025,2,B,1,69.99
6770,30/09/2025,2,B,1,69.99
6771,30/09/2025,2,C,1,39.99
6772,30/09/2025,1,A,1,99.99
6773,01/10/2025,9,A,1,99.99
6774,01/10/2025,3,A,1,99.99
6775,01/10/2025,2,C,1,39.99
6776,01/10/2025,2,C,1,39.99
6777,01/10/2025,1,A,1,99.99
6778,01/10/2025,1,A,1,99.99
6779,01/10/2025,1,A,1,99.99
6780,01/10/2025,1,A,1,99.99
6781,01/10/2025,1,C,1,39.99
6782,02/10/2025,8,C,1,39.99
6783,02/10/2025,7,A,1,99.99
6784,03/10/2025,9,A,1,99.99
6785,03/10/2025,9,C,1,39.99
6786,03/10/2025,7,A,1,99.99
6787,03/10/2025,7,A,1,99.99
6788,03/10/2025,7,A,1,99.99
6789,03/10/2025,7,A,1,99.99
6790,03/10/2025,7,A,1,99.99
6791,03/10/2025,7,B,1,79.99
6792,03/10/2025,7,C,1,39.99
6793,03/10/2025,2,C,1,39.99
6794,03/10/2025,1,A,1,99.99
6795,04/10/2025,10,A,1,99.99
6796,04/10/2025,10,A,1,99.99
6797,04/10/2025,10,A,1,99.99
6798,04/10/2025,9,A,1,99.99
6799,04/10/2025,8,A,1,99.99
6800,04/10/2025,8,A,1,99.99
6801,04/10/2025,8,A,1,99.99
6802,04/10/2025,8,A,1,99.99
6803,04/10/2025,8,C,1,39.99
6804,04/10/2025,7,A,1,99.99
6805,04/10/2025,7,A,1,99.99
6806,04/10/2025,7,A,1,99.99
6807,04/10/2025,2,C,1,39.99
6808,04/10/2025,1,A,1,99.99
6809,04/10/2025,1,A,1,99.99
6810,05/10/2025,10,C,1,39.99
6811,05/10/2025,9,A,1,99.99
6812,05/10/2025,9,C,1,39.99
6813,05/10/2025,9,C,1,39.99
6814,05/10/2025,8,A,1,99.99
6815,05/10/2025,8,A,1,99.99
6816,05/10/2025,8,C,1,39.99
6817,05/10/2025,3,C,1,39.99
6818,05/10/2025,1,A,1,99.99
6819,06/10/2025,8,B,1,79.99
6820,06/10/2025,1,C,1,39.99
6821,07/10/2025,8,A,1,99.99
6822,07/10/2025,8,A,1,99.99
6823,07/10/2025,7,C,1,39.99
6824,07/10/2025,3,A,1,99.99
6825,07/10/2025,3,A,1,99.99
6826,07/10/2025,3,A,1,99.99
6827,07/10/2025,3,C,1,39.99
6828,07/10/2025,1,A,1,99.99
6829,08/10/2025,8,C,1,39.99
6830,08/10/2025,8,C,1,39.99
6831,08/10/2025,8,C,1,39.99
6832,08/10/2025,7,B,1,79.99
6833,08/10/2025,3,A,1,99.99
6834,08/10/2025,2,C,1,39.99
6835,08/10/2025,2,C,1,39.99
6836,08/10/2025,2,C,1,39.99
6837,09/10/2025,10,A,1,99.99
6838,09/10/2025,7,B,1,79.99
6839,09/10/2025,7,B,1,79.99
6840,09/10/2025,7,C,1,39.99
6841,09/10/2025,2,C,1,39.99
6842,09/10/2025,1,A,1,99.99
6843,09/10/2025,1,A,1,99.99
6844,10/10/2025,9,C,1,39.99
6845,10/10/2025,9,C,1,39.99
6846,10/10/2025,2,C,1,39.99
6847,10/10/2025,2,C,1,39.99
6848,10/10/2025,1,A,1,99.99
6849,11/10/2025,9,A,1,99.99
6850,11/10/2025,9,A,1,99.99
6851,11/10/2025,8,A,1,99.99
6852,11/10/2025,8,A,1,99.99
6853,11/10/2025,8,A,1,99.99
6854,11/10/2025,8,C,1,39.99
6855,11/10/2025,1,A,1,99.99
6856,12/10/2025,10,C,1,39.99
6857,12/10/2025,9,C,1,39.99
6858,12/10/2025,8,A,1,99.99
6859,12/10/2025,8,A,1,99.99
6860,12/10/2025,7,A,1,99.99
6861,12/10/2025,7,A,1,99.99
6862,12/10/2025,7,C,1,39.99
6863,12/10/2025,6,C,1,39.99
6864,12/10/2025,2,C,1,39.99
6865,12/10/2025,1,B,1,79.99
6866,12/10/2025,1,C,1,39.99
6867,12/10/2025,1,C,1,39.99
6868,12/10/2025,1,C,1,39.99
6869,13/10/2025,8,A,1,99.99
6870,13/10/2025,8,A,1,99.99
6871,13/10/2025,8,A,1,99.99
6872,13/10/2025,8,A,1,99.99
6873,13/10/2025,4,C,1,39.99
6874,13/10/2025,1,A,1,99.99
6875,13/10/2025,1,C,1,39.99
6876,14/10/2025,9,A,1,99.99
6877,14/10/2025,9,A,1,99.99
6878,14/10/2025,9,A,1,99.99
6879,14/10/2025,9,A,1,99.99
6880,14/10/2025,9,A,1,99.99
6881,14/10/2025,8,A,1,99.99
6882,14/10/2025,8,A,1,99.99
6883,14/10/2025,8,A,1,99.99
6884,14/10/2025,8,B,1,79.99
6885,14/10/2025,7,C,1,39.99
6886,14/10/2025,7,C,1,39.99
6887,14/10/2025,7,C,1,39.99
6888,15/10/2025,10,A,1,99.99
6889,15/10/2025,9,C,1,39.99
6890,15/10/2025,8,A,1,99.99
6891,15/10/2025,8,A,1,99.99
6892,15/10/2025,3,A,1,99.99
6893,15/10/2025,3,C,1,39.99
6894,15/10/2025,1,A,1,99.99
6895,15/10/2025,1,A,1,99.99
6896,15/10/2025,1,A,1,99.99
6897,16/10/2025,8,A,1,99.99
6898,16/10/2025,8,C,1,39.99
6899,16/10/2025,6,C,1,39.99
6900,16/10/2025,6,C,1,39.99
6901,16/10/2025,3,A,1,99.99
6902,16/10/2025,2,C,1,39.99
6903,16/10/2025,2,C,1,39.99
6904,16/10/2025,1,A,1,99.99
6905,16/10/2025,1,C,1,39.99
6906,17/10/2025,9,C,1,39.99
6907,17/10/2025,7,A,2,199.98
6908,17/10/2025,7,A,1,99.99
6909,17/10/2025,7,C,1,39.99
6910,17/10/2025,3,A,1,99.99
6911,17/10/2025,2,C,1,39.99
6912,17/10/2025,1,C,1,39.99
6913,17/10/2025,1,C,1,39.99
6914,17/10/2025,1,C,1,39.99
6915,18/10/2025,9,A,1,99.99
6916,18/10/2025,9,C,1,39.99
6917,18/10/2025,9,C,1,39.99
6918,18/10/2025,9,C,1,39.99
6919,18/10/2025,9,C,1,39.99
6920,18/10/2025,9,C,2,79.98
6921,18/10/2025,3,A,1,99.99
6922,18/10/2025,2,C,1,39.99
6923,18/10/2025,1,A,1,99.99
6924,19/10/2025,10,A,1,99.99
6925,19/10/2025,9,C,1,39.99
6926,19/10/2025,9,C,1,39.99
6927,19/10/2025,8,A,1,99.99
6928,19/10/2025,8,A,1,99.99
6929,19/10/2025,8,B,1,79.99
6930,19/10/2025,8,C,1,39.99
6931,19/10/2025,8,C,1,39.99
6932,19/10/2025,7,A,1,99.99
6933,19/10/2025,7,C,1,39.99
6934,19/10/2025,7,C,1,39.99
6935,19/10/2025,3,C,1,39.99
6936,19/10/2025,3,C,1,39.99
6937,19/10/2025,2,C,1,39.99
6938,19/10/2025,2,C,1,39.99
6939,19/10/2025,2,C,1,39.99
6940,20/10/2025,10,A,1,99.99
6941,20/10/2025,7,C,1,39.99
6942,20/10/2025,3,C,1,39.99
6943,20/10/2025,3,C,1,39.99
6944,20/10/2025,2,C,1,39.99
6945,20/10/2025,1,A,1,99.99
6946,20/10/2025,1,A,1,99.99
6947,20/10/2025,1,C,1,39.99
6948,21/10/2025,8,A,1,99.99
6949,21/10/2025,8,C,1,39.99
6950,21/10/2025,8,C,1,39.99
6951,21/10/2025,7,B,1,79.99
6952,22/10/2025,10,A,1,99.99
6953,22/10/2025,9,C,1,39.99
6954,22/10/2025,9,C,1,39.99
6955,22/10/2025,8,A,2,199.98
6956,22/10/2025,2,B,1,79.99
6957,22/10/2025,2,B,1,79.99
6958,23/10/2025,7,C,1,39.99
6959,23/10/2025,3,C,1,39.99
6960,23/10/2025,3,C,1,39.99
6961,23/10/2025,1,B,1,79.99
6962,24/10/2025,9,A,1,99.99
6963,24/10/2025,9,B,1,79.99
6964,24/10/2025,9,C,1,39.99
6965,24/10/2025,8,B,1,79.99
6966,24/10/2025,3,A,1,99.99
6967,24/10/2025,1,A,1,99.99
6968,24/10/2025,1,A,1,99.99
6969,24/10/2025,1,A,1,99.99
6970,24/10/2025,1,A,1,99.99
6971,24/10/2025,1,C,1,39.99
6972,25/10/2025,9,A,1,99.99
6973,25/10/2025,9,A,1,99.99
6974,25/10/2025,9,A,1,99.99
6975,25/10/2025,8,B,1,79.99
6976,25/10/2025,8,B,1,79.99
6977,25/10/2025,8,B,1,79.99
6978,25/10/2025,8,C,1,39.99
6979,25/10/2025,7,A,1,99.99
6980,25/10/2025,7,A,1,99.99
6981,25/10/2025,3,A,1,99.99
6982,25/10/2025,1,A,1,99.99
6983,25/10/2025,1,A,1,99.99
6984,25/10/2025,1,C,1,39.99
6985,25/10/2025,1,C,1,39.99
6986,26/10/2025,10,A,2,199.98
6987,26/10/2025,8,C,1,39.99
6988,26/10/2025,3,B,1,79.99
6989,26/10/2025,3,B,1,79.99
6990,26/10/2025,3,B,1,79.99
6991,26/10/2025,3,B,1,79.99
6992,26/10/2025,2,C,1,39.99
6993,26/10/2025,1,C,1,39.99
6994,26/10/2025,1,C,1,39.99
6995,26/10/2025,1,C,1,39.99
6996,27/10/2025,7,A,1,99.99
6997,27/10/2025,7,A,1,99.99
6998,27/10/2025,7,A,1,99.99
6999,28/10/2025,9,A,1,99.99
7000,28/10/2025,9,A,1,99.99
7001,28/10/2025,8,C,1,39.99
7002,28/10/2025,7,A,1,99.99
7003,28/10/2025,2,C,1,39.99
7004,28/10/2025,2,C,1,39.99
7005,29/10/2025,9,A,1,99.99
7006,29/10/2025,8,A,1,99.99
7007,29/10/2025,5,C,1,39.99
7008,29/10/2025,1,C,1,39.99
7009,30/10/2025,8,A,1,99.99
7010,30/10/2025,8,C,1,39.99
7011,30/10/2025,8,C,1,39.99
7012,30/10/2025,8,C,1,39.99
7013,30/10/2025,8,C,1,39.99
7014,30/10/2025,8,C,1,39.99
7015,30/10/2025,1,C,1,39.99
7016,31/10/2025,9,A,1,99.99
7017,31/10/2025,8,B,1,79.99
7018,31/10/2025,8,C,1,39.99
7019,31/10/2025,7,A,1,99.99
7020,31/10/2025,7,A,1,99.99
7021,31/10/2025,2,B,1,79.99
7022,31/10/2025,2,B,1,79.99
7023,31/10/2025,2,B,1,79.99
7024,31/10/2025,2,C,1,39.99
7025,31/10/2025,2,C,1,39.99
7026,31/10/2025,2,C,1,39.99
7027,31/10/2025,1,A,1,99.99
7028,31/10/2025,1,A,1,99.99
7029,01/11/2025,9,A,1,99.99
7030,01/11/2025,9,C,1,39.99
7031,01/11/2025,9,C,1,39.99
7032,01/11/2025,8,C,1,39.99
7033,01/11/2025,8,C,1,39.99
7034,01/11/2025,8,C,1,39.99
7035,01/11/2025,8,C,1,39.99
7036,01/11/2025,7,C,1,39.99
7037,01/11/2025,6,C,1,39.99
7038,01/11/2025,2,C,1,39.99
7039,01/11/2025,2,C,1,39.99
7040,01/11/2025,1,A,1,99.99
7041,02/11/2025,9,A,1,99.99
7042,02/11/2025,9,A,1,99.99
7043,02/11/2025,8,A,1,99.99
7044,02/11/2025,8,A,1,99.99
7045,02/11/2025,8,A,1,99.99
7046,02/11/2025,8,A,1,99.99
7047,02/11/2025,8,A,1,99.99
7048,02/11/2025,8,A,1,99.99
7049,02/11/2025,8,A,1,99.99
7050,02/11/2025,7,A,1,99.99
7051,02/11/2025,7,A,1,99.99
7052,03/11/2025,8,A,-1,-99.99
7053,03/11/2025,8,A,1,99.99
7054,03/11/2025,8,C,1,39.99
7055,03/11/2025,8,C,1,39.99
7056,03/11/2025,7,A,1,99.99
7057,03/11/2025,1,C,1,39.99
7058,03/11/2025,1,C,1,39.99
7059,03/11/2025,1,C,1,39.99
7060,03/11/2025,1,C,1,39.99
7061,03/11/2025,1,C,1,39.99
7062,03/11/2025,1,C,1,39.99
7063,04/11/2025,8,C,1,39.99
7064,04/11/2025,8,C,1,39.99
7065,04/11/2025,8,C,1,39.99
7066,04/11/2025,8,C,1,39.99
7067,04/11/2025,7,A,1,99.99
7068,04/11/2025,7,C,1,39.99
7069,04/11/2025,6,C,1,39.99
7070,04/11/2025,1,C,1,39.99
7071,04/11/2025,1,C,1,39.99
7072,05/11/2025,10,A,1,99.99
7073,05/11/2025,10,A,1,99.99
7074,05/11/2025,8,A,1,99.99
7075,05/11/2025,8,A,1,99.99
7076,05/11/2025,8,A,1,99.99
7077,05/11/2025,7,A,1,99.99
7078,05/11/2025,7,C,1,39.99
7079,05/11/2025,3,A,1,99.99
7080,05/11/2025,2,B,1,79.99
7081,05/11/2025,2,C,1,39.99
7082,05/11/2025,2,C,1,39.99
7083,05/11/2025,1,A,1,99.99
7084,05/11/2025,1,B,1,79.99
7085,05/11/2025,1,B,1,79.99
7086,05/11/2025,1,B,1,79.99
7087,05/11/2025,1,C,1,39.99
7088,05/11/2025,1,C,1,39.99
7089,06/11/2025,10,A,2,199.98
7090,06/11/2025,4,C,1,39.99
7091,06/11/2025,2,C,1,39.99
7092,06/11/2025,1,A,1,99.99
7093,06/11/2025,1,A,1,99.99
7094,06/11/2025,1,A,2,199.98
7095,07/11/2025,9,B,1,79.99
7096,07/11/2025,8,A,1,99.99
7097,07/11/2025,8,B,1,79.99
7098,07/11/2025,7,C,1,39.99
7099,07/11/2025,3,C,1,39.99
7100,07/11/2025,1,C,1,39.99
7101,08/11/2025,10,A,1,99.99
7102,08/11/2025,9,C,1,39.99
7103,08/11/2025,9,C,1,39.99
7104,08/11/2025,9,C,1,39.99
7105,08/11/2025,7,A,1,99.99
7106,08/11/2025,7,A,1,99.99
7107,08/11/2025,7,C,1,39.99
7108,08/11/2025,2,C,1,39.99
7109,08/11/2025,2,C,1,39.99
7110,09/11/2025,9,A,1,99.99
7111,09/11/2025,9,A,1,99.99
7112,09/11/2025,8,A,1,99.99
7113,09/11/2025,8,A,1,99.99
7114,09/11/2025,8,A,1,99.99
7115,09/11/2025,8,A,1,99.99
7116,09/11/2025,8,C,1,39.99
7117,09/11/2025,7,A,1,99.99
7118,09/11/2025,7,A,1,99.99
7119,09/11/2025,7,C,1,39.99
7120,09/11/2025,5,B,1,79.99
7121,09/11/2025,3,A,1,99.99
7122,10/11/2025,8,A,1,99.99
7123,10/11/2025,8,C,1,39.99
7124,10/11/2025,7,C,1,39.99
7125,10/11/2025,2,C,1,39.99
7126,10/11/2025,1,A,1,99.99
7127,10/11/2025,1,C,1,39.99
7128,11/11/2025,8,A,1,99.99
7129,11/11/2025,8,A,1,99.99
7130,11/11/2025,8,A,1,99.99
7131,11/11/2025,8,A,1,99.99
7132,11/11/2025,8,C,1,39.99
7133,11/11/2025,6,C,1,39.99
7134,11/11/2025,2,B,1,79.99
7135,11/11/2025,1,C,1,39.99
7136,11/11/2025,1,C,1,39.99
7137,11/11/2025,1,C,1,39.99
7138,12/11/2025,9,A,1,99.99
7139,12/11/2025,8,A,1,99.99
7140,12/11/2025,8,A,1,99.99
7141,12/11/2025,8,C,1,39.99
7142,12/11/2025,5,C,1,39.99
7143,12/11/2025,4,C,1,39.99
7144,12/11/2025,1,C,1,39.99
7145,12/11/2025,1,C,1,39.99
7146,13/11/2025,10,C,1,39.99
7147,13/11/2025,7,B,1,79.99
7148,13/11/2025,3,A,1,99.99
7149,13/11/2025,1,A,1,99.99
7150,14/11/2025,8,A,1,99.99
7151,14/11/2025,7,A,1,99.99
7152,14/11/2025,7,A,1,99.99
7153,14/11/2025,7,A,1,99.99
7154,14/11/2025,2,B,1,79.99
7155,14/11/2025,2,B,1,79.99
7156,14/11/2025,2,C,1,39.99
7157,14/11/2025,2,C,1,39.99
7158,14/11/2025,2,C,1,39.99
7159,15/11/2025,9,A,1,99.99
7160,15/11/2025,9,A,1,99.99
7161,15/11/2025,9,A,1,99.99
7162,15/11/2025,6,C,1,39.99
7163,15/11/2025,6,C,2,79.98
7164,16/11/2025,9,A,1,99.99
7165,16/11/2025,9,A,1,99.99
7166,16/11/2025,9,A,1,99.99
7167,16/11/2025,8,A,1,99.99
7168,16/11/2025,8,A,1,99.99
7169,16/11/2025,7,C,1,39.99
7170,16/11/2025,7,C,1,39.99
7171,16/11/2025,3,A,1,99.99
7172,16/11/2025,3,A,1,99.99
7173,16/11/2025,3,A,1,99.99
7174,16/11/2025,2,C,1,39.99
7175,16/11/2025,2,C,1,39.99
7176,16/11/2025,2,C,1,39.99
7177,16/11/2025,2,C,1,39.99
7178,16/11/2025,2,C,1,39.99
7179,16/11/2025,1,A,1,99.99
7180,16/11/2025,1,A,1,99.99
7181,16/11/2025,1,A,1,99.99
7182,17/11/2025,3,C,1,39.99
7183,17/11/2025,2,C,1,39.99
7184,17/11/2025,2,C,1,39.99
7185,18/11/2025,8,C,1,39.99
7186,18/11/2025,8,C,1,39.99
7187,18/11/2025,8,C,2,79.98
7188,18/11/2025,6,C,2,79.98
7189,18/11/2025,3,A,1,99.99
7190,18/11/2025,2,B,1,79.99
7191,18/11/2025,2,C,1,39.99
7192,19/11/2025,10,A,1,99.99
7193,19/11/2025,7,C,1,39.99
7194,19/11/2025,3,C,1,39.99
7195,19/11/2025,2,B,1,79.99
7196,19/11/2025,2,B,1,79.99
7197,19/11/2025,1,A,1,99.99
7198,20/11/2025,10,A,1,99.99
7199,20/11/2025,9,A,1,99.99
7200,20/11/2025,2,C,1,39.99
7201,20/11/2025,2,C,1,39.99
7202,20/11/2025,2,C,1,39.99
7203,20/11/2025,2,C,1,39.99
7204,20/11/2025,2,C,1,39.99
7205,20/11/2025,1,A,1,99.99
7206,21/11/2025,8,A,1,99.99
7207,21/11/2025,7,A,1,99.99
7208,21/11/2025,7,B,1,79.99
7209,21/11/2025,7,C,1,39.99
7210,22/11/2025,10,A,1,99.99
7211,22/11/2025,8,A,1,99.99
7212,22/11/2025,8,A,1,99.99
7213,22/11/2025,8,A,1,99.99
7214,22/11/2025,8,A,1,99.99
7215,22/11/2025,8,C,1,39.99
7216,22/11/2025,8,C,1,39.99
7217,22/11/2025,8,C,1,39.99
7218,22/11/2025,7,C,1,39.99
7219,22/11/2025,7,C,1,39.99
7220,22/11/2025,3,A,1,99.99
7221,22/11/2025,3,A,1,99.99
7222,22/11/2025,2,C,1,39.99
7223,22/11/2025,2,C,1,39.99
7224,22/11/2025,2,C,1,39.99
7225,22/11/2025,2,C,2,79.98
7226,23/11/2025,8,A,1,99.99
7227,23/11/2025,2,C,1,39.99
7228,23/11/2025,1,A,1,99.99
7229,23/11/2025,1,A,2,199.98
7230,23/11/2025,1,A,1,99.99
7231,23/11/2025,1,C,1,39.99
7232,24/11/2025,10,C,1,39.99
7233,24/11/2025,9,B,1,79.99
7234,24/11/2025,8,C,2,79.98
7235,24/11/2025,7,A,1,99.99
7236,24/11/2025,3,A,1,99.99
7237,24/11/2025,2,C,-1,-39.99
7238,24/11/2025,2,C,1,39.99
7239,24/11/2025,2,C,1,39.99
7240,24/11/2025,1,C,1,39.99
7241,25/11/2025,9,A,1,99.99
7242,25/11/2025,9,A,1,99.99
7243,25/11/2025,8,A,1,99.99
7244,25/11/2025,8,C,1,39.99
7245,25/11/2025,8,C,1,39.99
7246,25/11/2025,8,C,1,39.99
7247,25/11/2025,2,C,-1,-39.99
7248,25/11/2025,2,C,1,39.99
7249,26/11/2025,9,C,1,39.99
7250,26/11/2025,8,A,1,99.99
7251,26/11/2025,7,A,1,99.99
7252,26/11/2025,7,C,1,39.99
7253,26/11/2025,7,C,1,39.99
7254,26/11/2025,2,B,1,79.99
7255,26/11/2025,2,B,1,79.99
7256,26/11/2025,1,A,1,99.99
7257,26/11/2025,1,A,1,99.99
7258,26/11/2025,1,A,1,99.99
7259,26/11/2025,1,A,1,99.99
7260,27/11/2025,10,A,1,99.99
7261,27/11/2025,9,A,1,99.99
7262,27/11/2025,9,A,1,99.99
7263,27/11/2025,2,C,1,39.99
7264,27/11/2025,2,C,1,39.99
7265,27/11/2025,2,C,1,39.99
7266,27/11/2025,2,C,1,39.99
7267,27/11/2025,1,C,1,39.99
7268,27/11/2025,1,C,1,39.99
7269,27/11/2025,1,C,1,39.99
7270,27/11/2025,1,C,1,39.99
7271,27/11/2025,1,C,1,39.99
7272,27/11/2025,1,C,1,39.99
7273,28/11/2025,9,C,1,39.99
7274,28/11/2025,8,C,1,39.99
7275,28/11/2025,8,C,1,39.99
7276,28/11/2025,7,C,1,39.99
7277,28/11/2025,7,C,1,39.99
7278,28/11/2025,7,C,1,39.99
7279,28/11/2025,3,C,1,39.99
7280,29/11/2025,8,A,1,99.99
7281,29/11/2025,8,A,1,99.99
7282,29/11/2025,8,A,1,99.99
7283,29/11/2025,8,A,1,99.99
7284,29/11/2025,8,C,1,39.99
7285,29/11/2025,3,A,1,99.99
7286,29/11/2025,3,A,1,99.99
7287,29/11/2025,2,C,1,39.99
7288,29/11/2025,2,C,1,39.99
7289,29/11/2025,2,C,1,39.99
7290,29/11/2025,2,C,1,39.99
7291,30/11/2025,8,B,1,79.99
7292,30/11/2025,8,B,1,79.99
7293,30/11/2025,8,B,1,79.99
7294,30/11/2025,7,A,1,99.99
7295,30/11/2025,3,A,1,99.99
7296,30/11/2025,3,C,1,39.99
7297,30/11/2025,3,C,1,39.99
7298,30/11/2025,1,A,1,99.99
7299,01/12/2025,9,A,1,99.99
7300,01/12/2025,9,A,1,99.99
7301,01/12/2025,8,C,1,39.99
7302,01/12/2025,8,C,1,39.99
7303,01/12/2025,8,C,1,39.99
7304,01/12/2025,8,C,1,39.99
7305,01/12/2025,3,C,1,39.99
7306,01/12/2025,2,B,1,79.99
7307,01/12/2025,1,A,1,99.99
7308,02/12/2025,1,A,1,99.99
7309,02/12/2025,1,A,1,99.99
7310,03/12/2025,9,A,1,99.99
7311,03/12/2025,8,A,1,99.99
7312,03/12/2025,8,A,1,99.99
7313,03/12/2025,8,C,1,39.99
7314,03/12/2025,8,C,1,39.99
7315,03/12/2025,8,C,1,39.99
7316,03/12/2025,8,C,-1,-39.99
7317,03/12/2025,8,C,1,39.99
7318,03/12/2025,7,A,1,99.99
7319,03/12/2025,2,C,1,39.99
7320,03/12/2025,2,C,1,39.99
7321,03/12/2025,1,A,1,99.99
7322,03/12/2025,1,A,1,99.99
7323,03/12/2025,1,A,1,99.99
7324,03/12/2025,1,C,1,39.99
7325,03/12/2025,1,C,1,39.99
7326,03/12/2025,1,C,1,39.99
7327,04/12/2025,9,C,1,39.99
7328,04/12/2025,8,C,1,39.99
7329,04/12/2025,8,C,1,39.99
7330,04/12/2025,7,A,2,199.98
7331,04/12/2025,7,A,1,99.99
7332,04/12/2025,7,A,1,99.99
7333,05/12/2025,8,A,1,99.99
7334,05/12/2025,7,C,1,39.99
7335,05/12/2025,3,A,1,99.99
7336,05/12/2025,3,A,1,99.99
7337,05/12/2025,3,C,1,39.99
7338,05/12/2025,3,C,1,39.99
7339,05/12/2025,2,C,1,39.99
7340,05/12/2025,2,C,1,39.99
7341,06/12/2025,9,C,1,39.99
7342,06/12/2025,8,A,1,99.99
7343,06/12/2025,7,A,1,99.99
7344,06/12/2025,3,C,1,39.99
7345,06/12/2025,2,C,1,39.99
7346,07/12/2025,8,A,1,99.99
7347,07/12/2025,7,A,1,99.99
7348,07/12/2025,7,A,1,99.99
7349,07/12/2025,7,A,1,99.99
7350,07/12/2025,7,A,1,99.99
7351,07/12/2025,7,C,1,39.99
7352,07/12/2025,6,C,1,39.99
7353,07/12/2025,3,C,1,39.99
7354,07/12/2025,2,C,1,39.99
7355,07/12/2025,2,C,1,39.99
7356,07/12/2025,2,C,1,39.99
7357,07/12/2025,1,B,1,79.99
7358,07/12/2025,1,B,1,79.99
7359,07/12/2025,1,C,1,39.99
7360,08/12/2025,8,A,1,99.99
7361,08/12/2025,8,A,1,99.99
7362,08/12/2025,8,C,1,39.99
7363,08/12/2025,8,C,1,39.99
7364,08/12/2025,8,C,1,39.99
7365,08/12/2025,1,B,1,79.99
7366,09/12/2025,9,A,1,99.99
7367,09/12/2025,9,C,1,39.99
7368,09/12/2025,7,C,1,39.99
7369,09/12/2025,2,B,1,79.99
7370,09/12/2025,2,B,1,79.99
7371,09/12/2025,2,B,1,79.99
7372,09/12/2025,2,C,1,39.99
7373,09/12/2025,2,C,1,39.99
7374,09/12/2025,2,C,1,39.99
7375,09/12/2025,1,A,1,99.99
7376,09/12/2025,1,C,1,39.99
7377,10/12/2025,10,A,1,99.99
7378,10/12/2025,10,C,1,39.99
7379,10/12/2025,8,A,1,99.99
7380,10/12/2025,8,A,1,99.99
7381,10/12/2025,8,A,1,99.99
7382,10/12/2025,8,A,1,99.99
7383,10/12/2025,8,C,1,39.99
7384,10/12/2025,7,A,1,99.99
7385,10/12/2025,7,A,1,99.99
7386,10/12/2025,4,C,1,39.99
7387,10/12/2025,1,A,1,99.99
7388,10/12/2025,1,A,-1,-99.99
7389,10/12/2025,1,A,1,99.99
7390,10/12/2025,1,C,1,39.99
7391,10/12/2025,1,C,1,39.99
7392,11/12/2025,9,C,1,39.99
7393,11/12/2025,8,A,1,99.99
7394,11/12/2025,8,A,1,99.99
7395,11/12/2025,8,C,1,39.99
7396,11/12/2025,6,B,1,79.99
7397,11/12/2025,2,C,1,39.99
7398,11/12/2025,1,C,1,39.99
7399,11/12/2025,1,C,1,39.99
7400,11/12/2025,1,C,1,39.99
7401,11/12/2025,1,C,1,39.99
7402,12/12/2025,8,A,1,99.99
7403,12/12/2025,8,A,1,99.99
7404,12/12/2025,7,A,1,99.99
7405,12/12/2025,7,C,1,39.99
7406,12/12/2025,3,C,1,39.99
7407,12/12/2025,1,C,1,39.99
7408,13/12/2025,10,A,1,99.99
7409,13/12/2025,6,C,1,39.99
7410,13/12/2025,3,A,1,99.99
7411,13/12/2025,2,B,1,79.99
7412,13/12/2025,2,C,1,39.99
7413,13/12/2025,1,A,1,99.99
7414,13/12/2025,1,B,1,79.99
7415,14/12/2025,9,C,1,39.99
7416,14/12/2025,7,A,1,99.99
7417,14/12/2025,7,A,1,99.99
7418,14/12/2025,7,C,1,39.99
7419,14/12/2025,3,C,1,39.99
7420,14/12/2025,1,B,1,79.99
7421,14/12/2025,1,B,1,79.99
7422,15/12/2025,8,A,1,99.99
7423,15/12/2025,8,B,1,79.99
7424,15/12/2025,7,A,1,99.99
7425,15/12/2025,7,C,1,39.99
7426,15/12/2025,7,C,1,39.99
7427,15/12/2025,7,C,1,39.99
7428,15/12/2025,1,A,1,99.99
7429,15/12/2025,1,A,1,99.99
7430,16/12/2025,10,A,1,99.99
7431,16/12/2025,9,C,1,39.99
7432,16/12/2025,8,C,1,39.99
7433,16/12/2025,7,C,1,39.99
7434,16/12/2025,4,B,1,79.99
7435,16/12/2025,4,B,1,79.99
7436,16/12/2025,2,C,1,39.99
7437,16/12/2025,2,C,1,39.99
7438,16/12/2025,1,A,1,99.99
7439,16/12/2025,1,A,1,99.99
7440,17/12/2025,8,A,1,99.99
7441,17/12/2025,8,A,1,99.99
7442,17/12/2025,8,A,1,99.99
7443,17/12/2025,8,A,1,99.99
7444,17/12/2025,8,C,1,39.99
7445,17/12/2025,8,C,1,39.99
7446,17/12/2025,7,A,1,99.99
7447,17/12/2025,7,B,1,79.99
7448,17/12/2025,3,A,1,99.99
7449,17/12/2025,1,A,1,99.99
7450,17/12/2025,1,A,1,99.99
7451,17/12/2025,1,A,1,99.99
7452,17/12/2025,1,A,1,99.99
7453,18/12/2025,10,A,1,99.99
7454,18/12/2025,10,A,1,99.99
7455,18/12/2025,8,A,1,99.99
7456,18/12/2025,8,A,1,99.99
7457,18/12/2025,8,A,1,99.99
7458,18/12/2025,8,B,1,79.99
7459,18/12/2025,7,B,1,79.99
7460,18/12/2025,7,C,1,39.99
7461,18/12/2025,3,C,1,39.99
7462,18/12/2025,1,A,1,99.99
7463,18/12/2025,1,A,1,99.99
7464,18/12/2025,1,C,1,39.99
7465,19/12/2025,10,C,1,39.99
7466,19/12/2025,10,C,1,39.99
7467,19/12/2025,8,A,1,99.99
7468,19/12/2025,8,A,1,99.99
7469,19/12/2025,8,A,1,99.99
7470,19/12/2025,8,B,1,79.99
7471,19/12/2025,8,B,-1,-79.99
7472,19/12/2025,8,C,1,39.99
7473,19/12/2025,3,A,1,99.99
7474,19/12/2025,3,C,1,39.99
7475,19/12/2025,1,A,1,99.99
7476,19/12/2025,1,A,1,99.99
7477,19/12/2025,1,A,1,99.99
7478,19/12/2025,1,A,1,99.99
7479,19/12/2025,1,C,1,39.99
7480,19/12/2025,1,C,1,39.99
7481,19/12/2025,1,C,1,39.99
7482,20/12/2025,9,A,1,99.99
7483,20/12/2025,8,C,1,39.99
7484,20/12/2025,8,C,1,39.99
7485,20/12/2025,7,A,1,99.99
7486,20/12/2025,1,C,1,39.99
7487,21/12/2025,9,A,1,99.99
7488,21/12/2025,9,A,1,99.99
7489,21/12/2025,9,A,1,99.99
7490,21/12/2025,9,A,1,99.99
7491,21/12/2025,9,C,1,39.99
7492,21/12/2025,8,B,1,79.99
7493,21/12/2025,8,B,1,79.99
7494,21/12/2025,8,B,1,79.99
7495,21/12/2025,8,C,1,39.99
7496,21/12/2025,7,A,1,99.99
7497,22/12/2025,8,A,1,99.99
7498,22/12/2025,8,A,1,99.99
7499,22/12/2025,8,C,1,39.99
7500,23/12/2025,8,A,1,99.99
7501,23/12/2025,8,C,1,39.99
7502,23/12/2025,8,C,1,39.99
7503,23/12/2025,8,C,1,39.99
7504,23/12/2025,7,A,1,99.99
7505,23/12/2025,7,A,1,99.99
7506,23/12/2025,3,C,1,39.99
7507,23/12/2025,3,C,1,39.99
7508,23/12/2025,1,C,1,39.99
7509,24/12/2025,10,A,1,99.99
7510,24/12/2025,9,A,1,99.99
7511,24/12/2025,9,C,1,39.99
7512,24/12/2025,8,C,1,39.99
7513,24/12/2025,7,C,1,39.99
7514,24/12/2025,7,C,3,119.97
7515,24/12/2025,7,C,1,39.99
7516,24/12/2025,1,A,1,99.99
7517,26/12/2025,10,A,1,99.99
7518,26/12/2025,9,A,1,99.99
7519,26/12/2025,9,A,1,99.99
7520,26/12/2025,8,A,1,99.99
7521,26/12/2025,8,C,1,39.99
7522,26/12/2025,7,A,1,99.99
7523,26/12/2025,7,A,1,99.99
7524,26/12/2025,7,C,1,39.99
7525,26/12/2025,3,C,1,39.99
7526,26/12/2025,3,C,1,39.99
7527,27/12/2025,10,A,1,99.99
7528,27/12/2025,8,C,1,39.99
7529,27/12/2025,7,C,1,39.99
7530,27/12/2025,3,A,1,99.99
7531,27/12/2025,1,A,1,99.99
7532,27/12/2025,1,A,1,99.99
7533,27/12/2025,1,C,1,39.99
7534,28/12/2025,8,A,1,99.99
7535,28/12/2025,8,C,1,39.99
7536,28/12/2025,8,C,1,39.99
7537,28/12/2025,1,A,1,99.99
7538,28/12/2025,1,A,1,99.99
7539,29/12/2025,9,B,1,79.99
7540,29/12/2025,9,B,1,79.99
7541,29/12/2025,9,C,1,39.99
7542,29/12/2025,1,A,1,99.99
7543,29/12/2025,1,C,1,39.99
7544,30/12/2025,8,A,1,99.99
7545,30/12/2025,8,B,1,79.99
7546,30/12/2025,7,A,1,99.99
7547,30/12/2025,7,A,1,99.99
7548,30/12/2025,7,A,1,99.99
7549,30/12/2025,7,A,1,99.99
7550,30/12/2025,3,A,1,99.99
7551,30/12/2025,3,A,1,99.99
7552,30/12/2025,3,A,1,99.99
7553,30/12/2025,2,C,1,39.99
7554,30/12/2025,2,C,1,39.99
7555,30/12/2025,2,C,1,39.99
7556,30/12/2025,2,C,1,39.99
7557,30/12/2025,1,C,1,39.99
7558,30/12/2025,1,C,-1,-39.99
7559,31/12/2025,8,C,1,39.99
7560,31/12/2025,7,A,1,99.99
7561,31/12/2025,1,C,1,39.99
7562,31/12/2025,1,C,1,39.99
7563,31/12/2025,1,C,1,39.99
7564,01/01/2026,8,A,1,99.99
7565,01/01/2026,3,A,3,299.97
7566,01/01/2026,2,C,1,39.99
7567,01/01/2026,2,C,1,39.99
7568,01/01/2026,2,C,1,39.99
7569,02/01/2026,9,C,1,39.99
7570,02/01/2026,6,B,1,79.99
7571,02/01/2026,2,B,1,79.99
7572,02/01/2026,2,C,1,39.99
7573,02/01/2026,2,C,1,39.99
7574,02/01/2026,1,C,1,39.99
7575,03/01/2026,9,C,1,39.99
7576,03/01/2026,8,A,1,99.99
7577,04/01/2026,7,C,1,39.99
7578,04/01/2026,1,A,1,99.99
7579,04/01/2026,1,A,1,99.99
7580,05/01/2026,8,A,1,99.99
7581,05/01/2026,6,C,1,39.99
7582,05/01/2026,2,C,1,39.99
7583,05/01/2026,1,C,1,39.99
7584,05/01/2026,1,C,1,39.99
7585,06/01/2026,1,C,1,39.99
7586,07/01/2026,8,C,1,39.99
7587,07/01/2026,4,C,1,39.99
7588,07/01/2026,3,C,-1,-39.99
7589,07/01/2026,2,B,1,79.99
7590,08/01/2026,10,C,1,39.99
7591,08/01/2026,2,C,1,39.99
7592,08/01/2026,2,C,1,39.99
7593,10/01/2026,9,A,1,99.99
7594,10/01/2026,8,A,1,99.99
7595,10/01/2026,8,A,1,99.99
7596,10/01/2026,8,C,1,39.99
7597,10/01/2026,7,A,1,99.99
7598,10/01/2026,7,A,1,99.99
7599,11/01/2026,8,B,1,79.99
7600,11/01/2026,3,A,1,99.99
7601,11/01/2026,3,A,1,99.99
7602,11/01/2026,2,C,1,39.99
7603,11/01/2026,2,C,1,39.99
7604,12/01/2026,9,C,1,39.99
7605,12/01/2026,9,C,-1,-39.99
7606,12/01/2026,8,A,1,99.99
7607,12/01/2026,8,A,1,99.99
7608,12/01/2026,8,A,1,99.99
7609,12/01/2026,8,C,1,39.99
7610,12/01/2026,8,C,1,39.99
7611,12/01/2026,7,A,1,99.99
7612,12/01/2026,7,C,1,39.99
7613,12/01/2026,7,C,1,39.99
7614,12/01/2026,6,C,1,39.99
7615,13/01/2026,8,A,1,99.99
7616,13/01/2026,8,C,1,39.99
7617,13/01/2026,8,C,1,39.99
7618,13/01/2026,7,A,1,99.99
7619,14/01/2026,1,A,1,99.99
7620,14/01/2026,1,A,1,99.99
7621,15/01/2026,10,A,1,99.99
7622,15/01/2026,2,C,1,39.99
7623,15/01/2026,2,C,1,39.99
7624,15/01/2026,2,C,1,39.99
7625,16/01/2026,8,A,1,99.99
7626,16/01/2026,8,A,1,99.99
7627,17/01/2026,9,A,1,99.99
7628,17/01/2026,7,A,1,99.99
7629,17/01/2026,7,C,1,39.99
7630,17/01/2026,1,B,1,79.99
7631,18/01/2026,7,C,1,39.99
7632,18/01/2026,7,C,1,39.99
7633,18/01/2026,2,C,1,39.99
7634,18/01/2026,2,C,1,39.99
7635,18/01/2026,1,A,1,99.99
7636,18/01/2026,1,A,1,99.99
7637,19/01/2026,8,A,-1,-99.99
7638,19/01/2026,8,A,1,99.99
7639,19/01/2026,8,A,1,99.99
7640,19/01/2026,8,B,1,79.99
7641,19/01/2026,8,C,1,39.99
7642,19/01/2026,8,C,1,39.99
7643,19/01/2026,8,C,1,39.99
7644,19/01/2026,3,C,1,39.99
7645,19/01/2026,1,A,1,99.99
7646,19/01/2026,1,A,1,99.99
7647,21/01/2026,9,A,1,99.99
7648,21/01/2026,8,A,1,99.99
7649,22/01/2026,7,A,1,99.99
7650,22/01/2026,7,A,1,99.99
7651,22/01/2026,7,A,1,99.99
7652,22/01/2026,7,C,1,39.99
7653,22/01/2026,7,C,1,39.99
7654,22/01/2026,2,C,1,39.99
7655,23/01/2026,9,A,1,99.99
7656,23/01/2026,8,C,1,39.99
7657,23/01/2026,2,C,1,39.99
7658,24/01/2026,10,C,1,39.99
7659,24/01/2026,1,A,1,99.99
7660,24/01/2026,1,A,1,99.99
7661,25/01/2026,10,A,1,99.99
7662,25/01/2026,10,A,1,99.99
7663,25/01/2026,9,A,1,99.99
7664,25/01/2026,9,A,1,99.99
7665,25/01/2026,9,A,1,99.99
7666,25/01/2026,7,A,1,99.99
7667,25/01/2026,4,C,1,39.99
7668,25/01/2026,3,C,1,39.99
7669,25/01/2026,3,C,1,39.99
7670,25/01/2026,3,C,1,39.99
7671,25/01/2026,2,B,1,79.99
7672,25/01/2026,2,C,1,39.99
7673,25/01/2026,2,C,1,39.99
7674,25/01/2026,1,A,1,99.99
7675,26/01/2026,10,A,1,99.99
7676,26/01/2026,9,C,1,39.99
7677,26/01/2026,6,B,1,79.99
7678,26/01/2026,1,A,1,99.99
7679,27/01/2026,1,C,1,39.99
7680,28/01/2026,7,C,1,39.99
7681,28/01/2026,7,C,1,39.99
7682,28/01/2026,3,C,1,39.99
7683,28/01/2026,2,A,1,99.99
7684,29/01/2026,1,A,1,99.99
7685,29/01/2026,1,A,1,99.99
7686,29/01/2026,1,A,1,99.99
7687,29/01/2026,1,C,1,39.99
7688,30/01/2026,9,A,1,99.99
7689,30/01/2026,9,C,1,39.99
7690,30/01/2026,2,B,1,79.99
7691,30/01/2026,1,C,1,39.99
7692,30/01/2026,1,C,1,39.99
7693,30/01/2026,1,C,1,39.99
7694,31/01/2026,8,A,1,99.99
7695,31/01/2026,8,B,1,79.99
7696,31/01/2026,1,C,2,79.98
7697,01/02/2026,9,C,1,39.99
7698,01/02/2026,8,C,1,39.99
7699,01/02/2026,2,C,1,39.99
7700,01/02/2026,2,C,1,39.99
7701,01/02/2026,1,C,1,39.99
7702,01/02/2026,1,C,1,39.99
7703,02/02/2026,8,A,1,99.99
7704,02/02/2026,7,C,1,39.99
7705,02/02/2026,7,C,1,39.99
7706,03/02/2026,9,A,1,99.99
7707,03/02/2026,9,A,1,99.99
7708,03/02/2026,8,A,1,99.99
7709,03/02/2026,8,C,1,39.99
7710,03/02/2026,8,C,1,39.99
7711,03/02/2026,8,C,1,39.99
7712,03/02/2026,2,C,1,39.99
7713,04/02/2026,7,A,1,99.99
7714,04/02/2026,7,A,1,99.99
7715,04/02/2026,2,C,1,39.99
7716,05/02/2026,9,A,1,99.99
7717,05/02/2026,7,C,1,39.99
7718,06/02/2026,9,A,1,99.99
7719,06/02/2026,9,A,1,99.99
7720,06/02/2026,9,C,1,39.99
7721,06/02/2026,9,C,1,39.99
7722,06/02/2026,7,C,1,39.99
7723,06/02/2026,1,C,1,39.99
7724,07/02/2026,10,A,1,99.99
7725,07/02/2026,8,A,1,99.99
7726,07/02/2026,6,B,1,79.99
7727,07/02/2026,3,C,1,39.99
7728,07/02/2026,2,A,1,99.99
7729,07/02/2026,1,A,1,99.99
7730,08/02/2026,9,A,1,99.99
7731,08/02/2026,7,A,1,99.99
7732,08/02/2026,7,A,1,99.99
7733,08/02/2026,7,C,1,39.99
7734,08/02/2026,7,C,1,39.99
7735,08/02/2026,6,A,1,99.99
7736,08/02/2026,6,A,2,199.98
7737,09/02/2026,8,A,1,99.99
7738,09/02/2026,8,A,1,99.99
7739,09/02/2026,8,C,1,39.99
7740,09/02/2026,7,A,1,99.99
7741,09/02/2026,1,A,1,99.99
7742,09/02/2026,1,A,1,99.99
7743,10/02/2026,9,C,1,39.99
7744,10/02/2026,8,A,1,99.99
7745,10/02/2026,8,B,1,79.99
7746,10/02/2026,7,A,1,99.99
7747,10/02/2026,2,C,1,39.99
7748,10/02/2026,2,C,1,39.99
7749,11/02/2026,9,C,1,39.99
7750,11/02/2026,9,C,1,39.99
7751,11/02/2026,2,A,1,99.99
7752,11/02/2026,2,C,1,39.99
7753,11/02/2026,2,C,1,39.99
7754,11/02/2026,2,C,1,39.99
7755,12/02/2026,10,B,1,79.99
7756,12/02/2026,9,B,1,79.99
7757,12/02/2026,7,B,1,79.99
7758,12/02/2026,6,C,2,79.98
7759,13/02/2026,9,C,1,39.99
7760,13/02/2026,8,C,1,39.99
7761,13/02/2026,8,C,1,39.99
7762,13/02/2026,7,A,1,99.99
7763,13/02/2026,7,C,1,39.99
7764,13/02/2026,1,C,1,39.99
7765,13/02/2026,1,C,1,39.99
7766,14/02/2026,9,B,1,79.99
7767,14/02/2026,8,C,1,39.99
7768,14/02/2026,7,A,1,99.99
7769,14/02/2026,2,C,1,39.99
7770,15/02/2026,7,C,1,39.99
7771,15/02/2026,2,C,1,39.99
7772,15/02/2026,2,C,1,39.99
7773,15/02/2026,2,C,1,39.99
7774,15/02/2026,2,C,1,39.99
7775,15/02/2026,1,C,1,39.99
7776,16/02/2026,6,C,1,39.99
7777,17/02/2026,2,A,1,89.99
7778,17/02/2026,1,C,1,39.99
7779,19/02/2026,8,A,1,89.99
7780,19/02/2026,8,A,1,89.99
7781,19/02/2026,8,A,1,89.99
7782,19/02/2026,8,A,1,89.99
7783,19/02/2026,7,C,1,39.99
7784,19/02/2026,3,A,1,89.99
7785,19/02/2026,3,A,1,89.99
7786,19/02/2026,3,A,1,89.99
7787,19/02/2026,2,C,1,39.99
7788,20/02/2026,1,A,1,89.99
7789,21/02/2026,7,A,1,89.99
7790,21/02/2026,2,A,1,89.99
7791,21/02/2026,2,A,1,89.99
7792,21/02/2026,2,A,1,89.99
7793,22/02/2026,8,A,1,89.99
7794,22/02/2026,8,A,1,89.99
7795,22/02/2026,8,B,1,79.99
7796,22/02/2026,2,A,1,89.99
7797,22/02/2026,2,A,1,89.99
7798,22/02/2026,2,C,1,39.99
7799,22/02/2026,2,C,1,39.99
7800,23/02/2026,8,A,1,89.99
7801,23/02/2026,2,C,3,119.97
7802,24/02/2026,4,C,1,39.99
7803,24/02/2026,2,A,2,179.98
7804,24/02/2026,1,B,1,79.99
7805,25/02/2026,8,A,1,89.99
7806,25/02/2026,8,A,1,89.99
7807,25/02/2026,8,A,1,89.99
7808,25/02/2026,8,A,1,89.99
7809,25/02/2026,7,C,1,39.99
7810,25/02/2026,2,A,1,89.99
7811,26/02/2026,8,C,1,39.99
7812,26/02/2026,2,B,1,79.99
7813,26/02/2026,1,C,1,39.99
7814,27/02/2026,8,B,1,79.99
7815,27/02/2026,8,B,1,79.99
7816,27/02/2026,8,B,1,79.99
7817,27/02/2026,8,B,1,79.99
7818,27/02/2026,8,B,1,79.99
7819,27/02/2026,8,C,1,39.99
7820,27/02/2026,6,C,1,39.99
7821,27/02/2026,6,C,1,39.99
7822,27/02/2026,3,A,1,89.99
7823,27/02/2026,3,A,1,89.99
7824,27/02/2026,2,C,1,39.99
7825,27/02/2026,1,B,1,79.99
7826,27/02/2026,1,C,1,39.99
7827,28/02/2026,2,C,1,39.99
7828,28/02/2026,2,C,1,39.99
7829,28/02/2026,2,C,1,39.99
7830,28/02/2026,2,C,1,39.99
7831,28/02/2026,1,C,1,39.99
7832,01/03/2026,8,C,1,39.99
7833,01/03/2026,7,A,1,89.99
7834,01/03/2026,6,C,1,39.99
7835,01/03/2026,1,A,1,89.99
7836,02/03/2026,8,A,2,179.98
7837,02/03/2026,8,A,1,89.99
7838,02/03/2026,8,C,2,79.98
7839,02/03/2026,8,C,1,39.99
7840,02/03/2026,2,B,1,79.99
7841,03/03/2026,2,A,1,89.99
7842,03/03/2026,1,B,1,79.99
7843,04/03/2026,8,C,1,39.99
7844,04/03/2026,2,A,1,89.99
7845,04/03/2026,2,B,1,79.99
7846,04/03/2026,2,C,1,39.99
7847,05/03/2026,8,C,1,39.99
7848,05/03/2026,3,A,1,89.99
7849,05/03/2026,1,A,1,89.99
7850,06/03/2026,9,C,1,39.99
7851,06/03/2026,8,C,1,39.99
7852,06/03/2026,8,C,1,39.99
7853,06/03/2026,6,A,1,89.99
7854,06/03/2026,2,C,1,39.99
7855,07/03/2026,8,A,1,89.99
7856,07/03/2026,7,C,1,39.99
7857,07/03/2026,7,C,1,39.99
7858,08/03/2026,10,A,1,89.99
7859,08/03/2026,10,A,1,89.99
7860,08/03/2026,8,B,1,79.99
7861,08/03/2026,8,C,1,39.99
7862,08/03/2026,2,B,1,79.99
7863,08/03/2026,1,A,1,89.99
7864,08/03/2026,1,C,1,39.99
7865,08/03/2026,1,C,1,39.99
7866,09/03/2026,8,A,1,89.99
7867,09/03/2026,7,C,1,39.99
7868,09/03/2026,2,A,1,89.99
7869,10/03/2026,8,A,1,89.99
7870,10/03/2026,8,A,1,89.99
7871,10/03/2026,7,A,1,89.99
7872,10/03/2026,7,C,1,39.99
7873,10/03/2026,5,A,1,89.99
7874,10/03/2026,5,A,1,89.99
7875,10/03/2026,1,C,1,39.99
7876,11/03/2026,2,C,1,39.99
7877,12/03/2026,2,C,1,39.99
7878,12/03/2026,2,C,1,39.99
7879,12/03/2026,1,C,2,79.98
7880,13/03/2026,8,B,1,79.99
7881,13/03/2026,7,A,1,89.99
7882,13/03/2026,3,A,1,89.99
7883,13/03/2026,3,C,1,39.99
7884,13/03/2026,2,C,1,39.99
7885,14/03/2026,9,C,1,39.99
7886,15/03/2026,9,A,1,89.99
7887,15/03/2026,8,C,1,39.99
7888,15/03/2026,4,C,1,39.99
7889,15/03/2026,3,A,1,89.99
7890,15/03/2026,3,A,1,89.99
7891,15/03/2026,2,B,1,79.99
7892,15/03/2026,2,C,1,39.99
7893,16/03/2026,8,B,1,79.99
7894,16/03/2026,8,B,1,79.99
7895,17/03/2026,7,C,1,39.99
7896,17/03/2026,7,C,1,39.99
7897,17/03/2026,3,C,1,39.99
7898,18/03/2026,8,C,1,39.99
7899,19/03/2026,8,A,1,89.99
7900,19/03/2026,8,A,1,89.99
7901,19/03/2026,7,C,1,39.99
7902,20/03/2026,8,C,1,39.99
7903,20/03/2026,8,C,1,39.99
7904,20/03/2026,7,C,1,39.99
7905,20/03/2026,2,A,1,89.99
7906,20/03/2026,2,A,1,89.99
7907,20/03/2026,2,B,1,79.99
7908,20/03/2026,2,B,1,79.99
7909,20/03/2026,2,B,1,79.99
7910,20/03/2026,2,C,1,39.99
7911,20/03/2026,2,C,1,39.99
7912,21/03/2026,8,C,1,39.99
7913,21/03/2026,2,B,1,79.99
7914,22/03/2026,8,C,1,39.99
7915,22/03/2026,8,C,1,39.99
7916,22/03/2026,3,A,1,89.99
7917,22/03/2026,2,C,1,39.99
7918,22/03/2026,2,C,1,39.99
7919,22/03/2026,1,B,1,79.99
7920,23/03/2026,8,A,1,89.99
7921,23/03/2026,1,C,1,39.99
7922,23/03/2026,1,C,1,39.99
7923,24/03/2026,10,C,1,39.99
7924,24/03/2026,10,C,1,39.99
7925,24/03/2026,8,C,1,39.99
7926,24/03/2026,8,C,1,39.99
7927,24/03/2026,3,C,1,39.99
7928,25/03/2026,7,C,1,39.99
7929,26/03/2026,7,A,1,89.99
7930,26/03/2026,7,A,1,89.99
7931,26/03/2026,1,C,1,39.99
7932,26/03/2026,1,C,1,39.99
7933,27/03/2026,8,B,1,79.99
7934,27/03/2026,3,C,1,39.99
7935,28/03/2026,8,A,1,89.99
7936,28/03/2026,1,C,1,39.99
7937,28/03/2026,1,C,1,39.99
7938,29/03/2026,9,A,1,89.99
7939,29/03/2026,9,A,1,89.99
7940,29/03/2026,7,B,1,79.99
7941,29/03/2026,3,C,1,39.99
7942,29/03/2026,1,B,1,79.99
7943,31/03/2026,8,A,1,89.99
7944,31/03/2026,8,C,1,39.99
7945,31/03/2026,8,C,1,39.99
7946,31/03/2026,8,C,1,39.99
7947,31/03/2026,8,C,1,39.99
7948,31/03/2026,7,A,2,179.98
7949,31/03/2026,3,C,1,39.99
7950,31/03/2026,2,A,1,89.99
7951,31/03/2026,1,A,1,89.99
